id,adoption_evolution_0,adoption_evolution_1,adoption_evolution_2,adoption_evolution_3,adoption_evolution_4,adoption_evolution_5,adoption_evolution_6,adoption_evolution_7,adoption_evolution_8,adoption_evolution_9,adoption_evolution_10,adoption_evolution_11,adoption_evolution_12,adoption_evolution_13,adoption_evolution_14,adoption_evolution_15,adoption_evolution_16,adoption_evolution_17,adoption_evolution_18,adoption_evolution_19,adoption_evolution_20,adoption_evolution_21,adoption_evolution_22,adoption_evolution_23,adoption_evolution_24,adoption_evolution_25,adoption_evolution_26,adoption_evolution_27,adoption_evolution_28,adoption_evolution_29,adoption_evolution_30,adoption_evolution_31,adoption_evolution_32,adoption_evolution_33,adoption_evolution_34,adoption_evolution_35,adoption_evolution_36,adoption_evolution_37,adoption_evolution_38,adoption_evolution_39,adoption_evolution_40,adoption_evolution_41,adoption_evolution_42,adoption_evolution_43,adoption_evolution_44,adoption_evolution_45,adoption_evolution_46,adoption_evolution_47,adoption_evolution_48,adoption_evolution_49,adoption_evolution_50,adoption_evolution_51,adoption_evolution_52,adoption_evolution_53,adoption_evolution_54,adoption_evolution_55,adoption_evolution_56,adoption_evolution_57,adoption_evolution_58,adoption_evolution_59,adoption_evolution_60,adoption_evolution_61,adoption_evolution_62,adoption_evolution_63,adoption_evolution_64,adoption_evolution_65,adoption_evolution_66,adoption_evolution_67,adoption_evolution_68,adoption_evolution_69,adoption_evolution_70,adoption_evolution_71,adoption_evolution_72,adoption_evolution_73,adoption_evolution_74,adoption_evolution_75,adoption_evolution_76,adoption_evolution_77,adoption_evolution_78,adoption_evolution_79,adoption_evolution_80,adoption_evolution_81,adoption_evolution_82,adoption_evolution_83,adoption_evolution_84,adoption_evolution_85,adoption_evolution_86,adoption_evolution_87,adoption_evolution_88,adoption_evolution_89,adoption_evolution_90,adoption_evolution_91,adoption_evolution_92,adoption_evolution_93,adoption_evolution_94,adoption_evolution_95,adoption_evolution_96,adoption_evolution_97,adoption_evolution_98,adoption_evolution_99
100,0.0,0.0,0.05,0.009999999999999995,0.020000000000000004,0.009999999999999995,0.0,0.0,0.0,0.0,0.0,0.0,0.0,0.0,0.0,0.0,0.0,0.0,0.010000000000000009,0.009999999999999995,0.009999999999999995,0.010000000000000009,0.0,0.0,0.0,0.0,0.0,0.0,0.0,0.0,0.010000000000000009,0.0,0.0,0.009999999999999981,0.0,0.0,0.0,0.010000000000000009,0.0,0.0,0.0,0.0,0.0,0.010000000000000009,0.0,0.0,0.0,0.0,0.0,0.0,0.0,0.0,0.0,0.0,0.0,0.0,0.0,0.0,0.0,0.0,0.0,0.0,0.0,0.0,0.0,0.0,0.0,0.0,0.0,0.0,0.009999999999999981,0.0,0.010000000000000009,0.0,0.0,0.0,0.0,0.0,0.0,0.010000000000000009,0.0,0.0,0.0,0.0,0.0,0.0,0.0,0.0,0.0,0.0,0.0,0.0,0.0,0.0,0.0,0.0,0.0,0.009999999999999981,0.0,0.0
101,0.0,0.03,0.05,0.06000000000000001,0.0,0.0,0.009999999999999981,0.020000000000000018,0.009999999999999981,0.0,0.0,0.0,0.010000000000000009,0.0,0.0,0.010000000000000009,0.0,0.009999999999999981,0.0,0.010000000000000009,0.0,0.0,0.0,0.010000000000000009,0.009999999999999981,0.0,0.0,0.0,0.0,0.0,0.0,0.0,0.0,0.010000000000000009,0.0,0.010000000000000009,0.0,0.0,0.020000000000000018,0.019999999999999962,0.0,0.0,0.0,0.0,0.0,0.010000000000000009,0.0,0.0,0.0,0.0,0.0,0.0,0.0,0.0,0.010000000000000009,0.0,0.0,0.0,0.0,0.0,0.0,0.0,0.0,0.0,0.010000000000000009,0.010000000000000009,0.0,0.0,0.0,0.0,0.009999999999999953,0.0,0.0,0.0,0.0,0.0,0.010000000000000009,0.0,0.0,0.0,0.0,0.0,0.0,0.0,0.0,0.0,0.0,0.0,0.0,0.0,0.0,0.0,0.0,0.0,0.0,0.0,0.010000000000000009,0.0,0.0,0.0
102,0.0,0.01,0.04,0.020000000000000004,0.01999999999999999,0.010000000000000009,0.0,0.0,0.009999999999999995,0.009999999999999995,0.010000000000000009,0.010000000000000009,0.0,0.0,0.0,0.0,0.0,0.0,0.0,0.0,0.0,0.0,0.009999999999999981,0.010000000000000009,0.0,0.0,0.0,0.010000000000000009,0.0,0.0,0.009999999999999981,0.0,0.0,0.0,0.0,0.0,0.010000000000000009,0.0,0.0,0.0,0.0,0.0,0.0,0.0,0.0,0.0,0.0,0.010000000000000009,0.0,0.0,0.0,0.0,0.0,0.0,0.0,0.0,0.009999999999999981,0.0,0.0,0.0,0.0,0.0,0.0,0.010000000000000009,0.010000000000000009,0.0,0.009999999999999981,0.0,0.0,0.0,0.0,0.0,0.0,0.0,0.0,0.0,0.0,0.0,0.0,0.0,0.0,0.0,0.010000000000000009,0.010000000000000009,0.0,0.0,0.0,0.0,0.0,0.0,0.0,0.010000000000000009,0.0,0.0,0.0,0.0,0.0,0.0,0.010000000000000009,0.009999999999999953
103,0.0,0.0,0.09,0.04000000000000001,0.01999999999999999,0.010000000000000009,0.0,0.01999999999999999,0.0,0.010000000000000009,0.01999999999999999,0.0,0.010000000000000009,0.0,0.0,0.0,0.0,0.0,0.010000000000000009,0.01999999999999999,0.0,0.0,0.0,0.010000000000000009,0.0,0.0,0.0,0.0,0.0,0.0,0.0,0.0,0.02999999999999997,0.010000000000000009,0.0,0.010000000000000009,0.0,0.0,0.0,0.010000000000000009,0.0,0.0,0.0,0.0,0.0,0.0,0.0,0.0,0.0,0.0,0.010000000000000009,0.0,0.0,0.0,0.0,0.0,0.010000000000000009,0.0,0.0,0.0,0.009999999999999953,0.0,0.0,0.0,0.0,0.010000000000000009,0.0,0.010000000000000009,0.0,0.0,0.0,0.0,0.0,0.0,0.0,0.010000000000000009,0.0,0.0,0.0,0.0,0.0,0.0,0.0,0.0,0.010000000000000009,0.0,0.0,0.0,0.0,0.0,0.0,0.010000000000000009,0.0,0.0,0.0,0.0,0.0,0.0,0.0,0.0
104,0.0,0.01,0.09000000000000001,0.03,0.01999999999999999,0.0,0.010000000000000009,0.0,0.010000000000000009,0.009999999999999981,0.0,0.0,0.0,0.010000000000000009,0.0,0.010000000000000009,0.01999999999999999,0.0,0.01999999999999999,0.010000000000000009,0.0,0.0,0.0,0.0,0.0,0.0,0.0,0.020000000000000018,0.0,0.0,0.0,0.010000000000000009,0.0,0.0,0.0,0.0,0.0,0.009999999999999953,0.010000000000000009,0.010000000000000009,0.0,0.0,0.0,0.0,0.0,0.010000000000000009,0.0,0.0,0.010000000000000009,0.0,0.0,0.0,0.0,0.0,0.0,0.0,0.0,0.0,0.0,0.0,0.0,0.0,0.0,0.010000000000000009,0.0,0.0,0.0,0.009999999999999953,0.0,0.0,0.0,0.0,0.0,0.0,0.0,0.0,0.0,0.0,0.0,0.0,0.010000000000000009,0.0,0.0,0.0,0.0,0.0,0.0,0.0,0.0,0.0,0.0,0.0,0.0,0.0,0.0,0.0,0.0,0.0,0.0,0.010000000000000009
105,0.0,0.0,0.16,0.04999999999999999,0.020000000000000018,0.009999999999999981,0.020000000000000018,0.010000000000000009,0.010000000000000009,0.0,0.0,0.009999999999999953,0.0,0.0,0.0,0.0,0.0,0.0,0.0,0.010000000000000009,0.010000000000000009,0.0,0.0,0.0,0.0,0.0,0.0,0.010000000000000009,0.0,0.0,0.0,0.010000000000000009,0.019999999999999962,0.0,0.0,0.0,0.0,0.0,0.0,0.0,0.0,0.010000000000000009,0.0,0.010000000000000009,0.010000000000000009,0.0,0.0,0.0,0.0,0.0,0.0,0.0,0.0,0.0,0.020000000000000018,0.0,0.0,0.0,0.0,0.0,0.0,0.0,0.0,0.0,0.0,0.0,0.0,0.0,0.0,0.0,0.0,0.0,0.0,0.0,0.0,0.0,0.0,0.0,0.0,0.0,0.0,0.0,0.0,0.0,0.0,0.0,0.0,0.0,0.0,0.0,0.0,0.0,0.0,0.0,0.0,0.009999999999999953,0.0,0.0,0.010000000000000009,0.0
106,0.0,0.0,0.09,0.07,0.01999999999999999,0.020000000000000018,0.01999999999999999,0.01999999999999999,0.0,0.020000000000000018,0.020000000000000018,0.0,0.009999999999999953,0.0,0.0,0.0,0.0,0.0,0.0,0.0,0.0,0.020000000000000018,0.010000000000000009,0.010000000000000009,0.0,0.0,0.0,0.0,0.0,0.0,0.010000000000000009,0.0,0.0,0.0,0.0,0.0,0.0,0.0,0.0,0.009999999999999953,0.0,0.0,0.0,0.0,0.0,0.010000000000000009,0.0,0.0,0.0,0.0,0.0,0.0,0.0,0.010000000000000009,0.0,0.0,0.020000000000000018,0.0,0.019999999999999962,0.010000000000000009,0.0,0.0,0.0,0.0,0.0,0.0,0.0,0.0,0.010000000000000009,0.0,0.0,0.0,0.0,0.0,0.0,0.0,0.0,0.0,0.0,0.0,0.0,0.0,0.0,0.0,0.0,0.0,0.0,0.0,0.0,0.0,0.0,0.0,0.0,0.0,0.0,0.0,0.0,0.0,0.0,0.0
107,0.0,0.01,0.060000000000000005,0.1,0.07999999999999999,0.030000000000000027,0.04999999999999999,0.06,0.03999999999999998,0.0,0.030000000000000027,0.0,0.009999999999999953,0.010000000000000009,0.020000000000000018,0.020000000000000018,0.0,0.030000000000000027,0.0,0.019999999999999907,0.010000000000000009,0.0,0.0,0.0,0.0,0.0,0.0,0.0,0.0,0.0,0.0,0.0,0.0,0.0,0.0,0.0,0.0,0.0,0.010000000000000009,0.0,0.0,0.0,0.0,0.0,0.0,0.020000000000000018,0.0,0.0,0.0,0.0,0.010000000000000009,0.0,0.0,0.0,0.0,0.0,0.0,0.0,0.0,0.0,0.0,0.0,0.0,0.0,0.0,0.0,0.010000000000000009,0.0,0.020000000000000018,0.0,0.0,0.0,0.0,0.0,0.0,0.0,0.0,0.010000000000000009,0.0,0.0,0.0,0.010000000000000009,0.0,0.0,0.0,0.0,0.0,0.0,0.0,0.0,0.0,0.0,0.010000000000000009,0.0,0.0,0.0,0.0,0.0,0.0,0.0
108,0.0,0.0,0.11,0.18,0.020000000000000018,0.020000000000000018,0.02999999999999997,0.030000000000000027,0.010000000000000009,0.009999999999999953,0.0,0.0,0.0,0.010000000000000009,0.0,0.010000000000000009,0.010000000000000009,0.0,0.0,0.010000000000000009,0.0,0.0,0.0,0.010000000000000009,0.0,0.0,0.0,0.009999999999999953,0.010000000000000009,0.0,0.0,0.0,0.0,0.010000000000000009,0.0,0.010000000000000009,0.0,0.0,0.0,0.0,0.0,0.010000000000000009,0.0,0.0,0.0,0.010000000000000009,0.0,0.0,0.0,0.0,0.0,0.0,0.010000000000000009,0.0,0.0,0.0,0.0,0.0,0.0,0.010000000000000009,0.0,0.0,0.0,0.0,0.0,0.010000000000000009,0.0,0.0,0.0,0.0,0.0,0.0,0.0,0.0,0.0,0.0,0.0,0.0,0.0,0.0,0.0,0.0,0.0,0.0,0.0,0.0,0.0,0.0,0.0,0.0,0.0,0.0,0.0,0.0,0.0,0.0,0.0,0.0,0.0,0.0
109,0.0,0.03,0.11000000000000001,0.03999999999999998,0.05000000000000002,0.01999999999999999,0.020000000000000018,0.010000000000000009,0.02999999999999997,0.0,0.010000000000000009,0.0,0.0,0.0,0.0,0.010000000000000009,0.0,0.0,0.0,0.0,0.0,0.0,0.0,0.0,0.010000000000000009,0.009999999999999953,0.0,0.0,0.0,0.0,0.010000000000000009,0.010000000000000009,0.0,0.010000000000000009,0.0,0.0,0.0,0.0,0.0,0.010000000000000009,0.0,0.0,0.0,0.019999999999999962,0.0,0.0,0.0,0.0,0.0,0.0,0.0,0.0,0.0,0.0,0.0,0.0,0.0,0.010000000000000009,0.0,0.010000000000000009,0.0,0.0,0.0,0.010000000000000009,0.0,0.0,0.010000000000000009,0.0,0.0,0.0,0.0,0.0,0.0,0.0,0.0,0.0,0.0,0.0,0.0,0.0,0.0,0.0,0.0,0.0,0.0,0.0,0.0,0.0,0.0,0.0,0.0,0.0,0.0,0.0,0.0,0.0,0.0,0.0,0.0,0.0
110,0.0,0.0,0.02,0.030000000000000002,0.039999999999999994,0.020000000000000004,0.009999999999999995,0.010000000000000009,0.010000000000000009,0.009999999999999981,0.0,0.010000000000000009,0.0,0.0,0.0,0.0,0.0,0.0,0.0,0.0,0.0,0.0,0.0,0.0,0.0,0.010000000000000009,0.0,0.0,0.0,0.0,0.009999999999999981,0.0,0.0,0.0,0.0,0.010000000000000009,0.0,0.0,0.0,0.0,0.0,0.0,0.0,0.0,0.0,0.0,0.0,0.0,0.0,0.0,0.0,0.010000000000000009,0.0,0.0,0.0,0.0,0.0,0.0,0.0,0.0,0.0,0.0,0.0,0.0,0.0,0.0,0.0,0.0,0.0,0.0,0.0,0.0,0.0,0.009999999999999981,0.0,0.0,0.0,0.0,0.0,0.0,0.0,0.0,0.0,0.0,0.0,0.0,0.0,0.0,0.0,0.0,0.0,0.0,0.0,0.0,0.0,0.0,0.0,0.0,0.0,0.0
111,0.0,0.02,0.039999999999999994,0.05,0.020000000000000004,0.010000000000000009,0.0,0.01999999999999999,0.0,0.0,0.010000000000000009,0.0,0.0,0.0,0.0,0.009999999999999981,0.0,0.0,0.0,0.0,0.0,0.0,0.0,0.0,0.0,0.0,0.0,0.0,0.0,0.0,0.0,0.0,0.0,0.0,0.0,0.010000000000000009,0.010000000000000009,0.0,0.0,0.0,0.0,0.0,0.0,0.0,0.0,0.009999999999999981,0.0,0.0,0.0,0.0,0.0,0.0,0.0,0.0,0.0,0.0,0.0,0.0,0.0,0.0,0.0,0.0,0.0,0.0,0.0,0.0,0.0,0.0,0.0,0.0,0.0,0.0,0.0,0.010000000000000009,0.0,0.0,0.0,0.0,0.0,0.0,0.0,0.0,0.0,0.0,0.0,0.0,0.0,0.0,0.0,0.0,0.0,0.0,0.0,0.0,0.0,0.0,0.0,0.0,0.0,0.0
112,0.0,0.02,0.09,0.039999999999999994,0.07,0.010000000000000009,0.009999999999999981,0.0,0.020000000000000018,0.010000000000000009,0.0,0.019999999999999962,0.0,0.0,0.0,0.0,0.010000000000000009,0.0,0.0,0.0,0.0,0.010000000000000009,0.0,0.0,0.0,0.0,0.020000000000000018,0.0,0.0,0.0,0.0,0.0,0.010000000000000009,0.0,0.009999999999999953,0.0,0.010000000000000009,0.0,0.0,0.0,0.010000000000000009,0.0,0.0,0.0,0.010000000000000009,0.0,0.0,0.0,0.0,0.0,0.0,0.0,0.0,0.0,0.0,0.0,0.0,0.0,0.0,0.0,0.0,0.0,0.0,0.010000000000000009,0.0,0.0,0.0,0.0,0.0,0.0,0.0,0.0,0.0,0.0,0.0,0.0,0.0,0.0,0.0,0.0,0.0,0.0,0.0,0.0,0.0,0.0,0.0,0.0,0.0,0.0,0.0,0.0,0.0,0.0,0.0,0.0,0.0,0.0,0.0,0.0
113,0.0,0.01,0.049999999999999996,0.12,0.020000000000000018,0.01999999999999999,0.010000000000000009,0.03,0.0,0.020000000000000018,0.019999999999999962,0.0,0.0,0.010000000000000009,0.0,0.0,0.0,0.010000000000000009,0.0,0.0,0.0,0.0,0.020000000000000018,0.0,0.0,0.0,0.0,0.009999999999999953,0.020000000000000018,0.010000000000000009,0.010000000000000009,0.010000000000000009,0.0,0.0,0.0,0.0,0.0,0.0,0.0,0.0,0.0,0.009999999999999953,0.0,0.0,0.010000000000000009,0.0,0.0,0.0,0.0,0.0,0.0,0.0,0.0,0.0,0.0,0.0,0.0,0.0,0.0,0.0,0.0,0.0,0.0,0.0,0.0,0.0,0.0,0.0,0.0,0.0,0.0,0.0,0.0,0.0,0.0,0.0,0.0,0.0,0.0,0.0,0.0,0.0,0.0,0.0,0.0,0.0,0.0,0.0,0.0,0.0,0.0,0.0,0.0,0.0,0.0,0.0,0.0,0.0,0.0,0.0
114,0.0,0.03,0.03,0.020000000000000004,0.020000000000000004,0.0,0.0,0.009999999999999995,0.0,0.009999999999999995,0.0,0.0,0.0,0.010000000000000009,0.0,0.0,0.010000000000000009,0.0,0.0,0.0,0.009999999999999981,0.010000000000000009,0.0,0.0,0.0,0.0,0.0,0.0,0.0,0.0,0.0,0.0,0.0,0.0,0.0,0.0,0.010000000000000009,0.009999999999999981,0.0,0.010000000000000009,0.0,0.010000000000000009,0.009999999999999981,0.0,0.020000000000000018,0.0,0.0,0.0,0.0,0.0,0.0,0.0,0.0,0.0,0.0,0.0,0.0,0.0,0.009999999999999981,0.0,0.0,0.0,0.0,0.0,0.0,0.0,0.0,0.0,0.0,0.0,0.0,0.0,0.0,0.0,0.0,0.0,0.0,0.010000000000000009,0.0,0.0,0.0,0.0,0.0,0.0,0.0,0.0,0.0,0.0,0.0,0.010000000000000009,0.020000000000000018,0.0,0.0,0.0,0.0,0.0,0.0,0.0,0.0,0.0
115,0.0,0.01,0.08,0.14,0.1,0.09999999999999998,0.12000000000000005,0.08999999999999997,0.05999999999999994,0.050000000000000044,0.030000000000000027,0.030000000000000027,0.0,0.009999999999999898,0.0,0.010000000000000009,0.010000000000000009,0.010000000000000009,0.0,0.0,0.010000000000000009,0.0,0.0,0.0,0.010000000000000009,0.0,0.0,0.0,0.0,0.0,0.0,0.010000000000000009,0.0,0.0,0.0,0.0,0.0,0.0,0.0,0.010000000000000009,0.0,0.010000000000000009,0.0,0.0,0.0,0.0,0.0,0.0,0.010000000000000009,0.0,0.0,0.0,0.0,0.0,0.0,0.0,0.010000000000000009,0.0,0.0,0.0,0.0,0.0,0.0,0.0,0.0,0.0,0.0,0.0,0.0,0.0,0.0,0.0,0.0,0.0,0.0,0.0,0.0,0.0,0.0,0.0,0.0,0.0,0.0,0.0,0.0,0.0,0.0,0.0,0.0,0.0,0.0,0.0,0.0,0.0,0.0,0.0,0.0,0.0,0.0,0.0
116,0.0,0.0,0.05,0.09000000000000001,0.06999999999999998,0.04000000000000001,0.010000000000000009,0.020000000000000018,0.009999999999999953,0.020000000000000018,0.0,0.0,0.0,0.0,0.020000000000000018,0.0,0.0,0.0,0.0,0.010000000000000009,0.0,0.0,0.0,0.0,0.009999999999999953,0.0,0.0,0.0,0.0,0.0,0.0,0.0,0.0,0.0,0.0,0.0,0.0,0.0,0.0,0.0,0.010000000000000009,0.0,0.0,0.0,0.0,0.0,0.0,0.0,0.0,0.0,0.0,0.0,0.0,0.0,0.0,0.0,0.0,0.0,0.0,0.0,0.0,0.0,0.0,0.0,0.0,0.0,0.0,0.0,0.0,0.0,0.0,0.0,0.0,0.0,0.0,0.0,0.0,0.0,0.0,0.0,0.0,0.0,0.0,0.0,0.0,0.0,0.0,0.0,0.0,0.0,0.0,0.0,0.0,0.0,0.0,0.0,0.0,0.0,0.0,0.0
117,0.0,0.02,0.05,0.01999999999999999,0.0,0.0,0.0,0.010000000000000009,0.009999999999999995,0.009999999999999995,0.0,0.0,0.0,0.010000000000000009,0.0,0.0,0.010000000000000009,0.0,0.0,0.0,0.0,0.0,0.0,0.009999999999999981,0.0,0.010000000000000009,0.0,0.0,0.010000000000000009,0.009999999999999981,0.0,0.0,0.010000000000000009,0.0,0.0,0.010000000000000009,0.009999999999999981,0.0,0.0,0.0,0.0,0.0,0.0,0.010000000000000009,0.010000000000000009,0.0,0.0,0.0,0.0,0.0,0.0,0.0,0.0,0.0,0.0,0.0,0.0,0.0,0.0,0.009999999999999981,0.010000000000000009,0.010000000000000009,0.0,0.0,0.010000000000000009,0.0,0.0,0.0,0.0,0.0,0.0,0.0,0.0,0.010000000000000009,0.0,0.0,0.009999999999999953,0.0,0.0,0.0,0.0,0.0,0.0,0.0,0.0,0.0,0.0,0.0,0.010000000000000009,0.010000000000000009,0.010000000000000009,0.0,0.0,0.0,0.0,0.0,0.0,0.0,0.0,0.0
118,0.0,0.0,0.01,0.01,0.02,0.0,0.0,0.0,0.0,0.010000000000000002,0.009999999999999995,0.010000000000000009,0.009999999999999995,0.020000000000000004,0.0,0.0,0.009999999999999995,0.009999999999999995,0.010000000000000009,0.0,0.0,0.010000000000000009,0.0,0.0,0.0,0.01999999999999999,0.010000000000000009,0.0,0.009999999999999981,0.0,0.010000000000000009,0.01999999999999999,0.0,0.0,0.010000000000000009,0.0,0.0,0.0,0.0,0.0,0.0,0.0,0.010000000000000009,0.0,0.0,0.0,0.0,0.009999999999999981,0.0,0.0,0.010000000000000009,0.0,0.0,0.0,0.0,0.0,0.0,0.0,0.0,0.0,0.0,0.010000000000000009,0.0,0.0,0.010000000000000009,0.0,0.0,0.0,0.0,0.0,0.0,0.0,0.0,0.0,0.0,0.019999999999999962,0.0,0.020000000000000018,0.0,0.0,0.0,0.0,0.0,0.0,0.0,0.0,0.0,0.0,0.0,0.0,0.0,0.0,0.0,0.010000000000000009,0.0,0.0,0.010000000000000009,0.0,0.0,0.010000000000000009
119,0.0,0.02,0.009999999999999998,0.04000000000000001,0.0,0.0,0.03,0.0,0.0,0.0,0.01999999999999999,0.010000000000000009,0.0,0.01999999999999999,0.0,0.0,0.0,0.010000000000000009,0.0,0.0,0.0,0.0,0.010000000000000009,0.0,0.0,0.009999999999999981,0.0,0.0,0.0,0.0,0.0,0.0,0.010000000000000009,0.0,0.01999999999999999,0.020000000000000018,0.0,0.0,0.0,0.0,0.0,0.0,0.0,0.0,0.0,0.0,0.0,0.009999999999999981,0.0,0.010000000000000009,0.0,0.010000000000000009,0.0,0.010000000000000009,0.0,0.0,0.0,0.0,0.010000000000000009,0.0,0.009999999999999953,0.0,0.0,0.0,0.0,0.0,0.0,0.0,0.0,0.0,0.0,0.0,0.0,0.0,0.0,0.0,0.010000000000000009,0.0,0.0,0.0,0.0,0.0,0.0,0.0,0.0,0.0,0.0,0.0,0.0,0.0,0.0,0.0,0.0,0.0,0.0,0.0,0.0,0.0,0.0,0.0
120,0.0,0.0,0.04,0.09,0.01999999999999999,0.04000000000000001,0.01999999999999999,0.0,0.0,0.010000000000000009,0.0,0.010000000000000009,0.01999999999999999,0.0,0.0,0.0,0.010000000000000009,0.010000000000000009,0.010000000000000009,0.009999999999999953,0.0,0.010000000000000009,0.010000000000000009,0.010000000000000009,0.0,0.0,0.0,0.0,0.0,0.0,0.010000000000000009,0.0,0.0,0.010000000000000009,0.0,0.0,0.0,0.0,0.0,0.0,0.0,0.0,0.0,0.0,0.0,0.0,0.0,0.0,0.0,0.0,0.009999999999999953,0.0,0.0,0.0,0.0,0.010000000000000009,0.010000000000000009,0.0,0.0,0.0,0.0,0.0,0.0,0.0,0.0,0.0,0.0,0.010000000000000009,0.0,0.020000000000000018,0.0,0.0,0.009999999999999953,0.010000000000000009,0.0,0.0,0.0,0.0,0.0,0.0,0.0,0.0,0.0,0.0,0.0,0.0,0.010000000000000009,0.0,0.0,0.0,0.0,0.0,0.0,0.0,0.0,0.0,0.0,0.0,0.0,0.0
121,0.0,0.01,0.019999999999999997,0.0,0.010000000000000002,0.010000000000000002,0.0,0.0,0.0,0.0,0.0,0.009999999999999995,0.010000000000000009,0.0,0.0,0.0,0.0,0.0,0.0,0.0,0.009999999999999995,0.009999999999999995,0.0,0.0,0.0,0.0,0.0,0.010000000000000009,0.0,0.0,0.0,0.009999999999999995,0.0,0.0,0.0,0.0,0.0,0.0,0.0,0.0,0.0,0.0,0.0,0.0,0.009999999999999995,0.0,0.0,0.0,0.0,0.0,0.0,0.0,0.0,0.0,0.0,0.010000000000000009,0.0,0.010000000000000009,0.0,0.0,0.0,0.009999999999999981,0.0,0.0,0.0,0.0,0.020000000000000018,0.0,0.0,0.0,0.0,0.0,0.01999999999999999,0.0,0.0,0.0,0.0,0.0,0.0,0.0,0.0,0.0,0.0,0.0,0.0,0.0,0.0,0.0,0.0,0.0,0.010000000000000009,0.0,0.0,0.0,0.0,0.0,0.0,0.009999999999999981,0.0,0.0
122,0.0,0.0,0.05,0.06,0.06999999999999999,0.06,0.020000000000000018,0.0,0.0,0.0,0.010000000000000009,0.010000000000000009,0.0,0.0,0.0,0.0,0.009999999999999953,0.0,0.0,0.020000000000000018,0.0,0.0,0.0,0.0,0.010000000000000009,0.0,0.0,0.010000000000000009,0.0,0.010000000000000009,0.0,0.0,0.0,0.0,0.0,0.0,0.0,0.0,0.0,0.009999999999999953,0.0,0.0,0.0,0.0,0.0,0.0,0.010000000000000009,0.0,0.0,0.0,0.0,0.0,0.0,0.0,0.0,0.0,0.0,0.0,0.0,0.0,0.0,0.0,0.0,0.0,0.0,0.0,0.0,0.0,0.0,0.0,0.0,0.010000000000000009,0.0,0.0,0.010000000000000009,0.0,0.0,0.0,0.0,0.0,0.0,0.0,0.0,0.0,0.0,0.0,0.0,0.0,0.0,0.0,0.0,0.0,0.0,0.0,0.0,0.0,0.010000000000000009,0.010000000000000009,0.0,0.0
123,0.0,0.03,0.08,0.06999999999999999,0.010000000000000009,0.010000000000000009,0.0,0.0,0.0,0.009999999999999981,0.0,0.010000000000000009,0.0,0.0,0.0,0.010000000000000009,0.0,0.009999999999999981,0.0,0.0,0.0,0.0,0.0,0.0,0.0,0.0,0.0,0.0,0.0,0.0,0.0,0.0,0.0,0.0,0.0,0.0,0.0,0.010000000000000009,0.010000000000000009,0.0,0.0,0.0,0.0,0.0,0.0,0.0,0.0,0.010000000000000009,0.0,0.0,0.0,0.0,0.0,0.0,0.0,0.0,0.0,0.010000000000000009,0.009999999999999953,0.0,0.0,0.0,0.0,0.0,0.0,0.0,0.0,0.0,0.0,0.0,0.010000000000000009,0.0,0.0,0.0,0.0,0.0,0.0,0.0,0.0,0.0,0.010000000000000009,0.0,0.0,0.010000000000000009,0.0,0.0,0.0,0.0,0.0,0.0,0.0,0.0,0.010000000000000009,0.0,0.0,0.0,0.0,0.0,0.0,0.0
124,0.0,0.01,0.04,0.039999999999999994,0.04000000000000001,0.0,0.010000000000000009,0.009999999999999981,0.010000000000000009,0.04999999999999999,0.020000000000000018,0.009999999999999981,0.020000000000000018,0.0,0.010000000000000009,0.019999999999999962,0.0,0.0,0.0,0.0,0.0,0.0,0.010000000000000009,0.010000000000000009,0.0,0.010000000000000009,0.0,0.010000000000000009,0.0,0.0,0.0,0.0,0.0,0.0,0.0,0.0,0.010000000000000009,0.0,0.0,0.009999999999999953,0.0,0.0,0.010000000000000009,0.0,0.0,0.0,0.0,0.0,0.0,0.010000000000000009,0.0,0.0,0.0,0.0,0.0,0.0,0.0,0.0,0.0,0.0,0.0,0.010000000000000009,0.0,0.010000000000000009,0.0,0.0,0.019999999999999962,0.0,0.0,0.0,0.0,0.0,0.0,0.010000000000000009,0.0,0.0,0.0,0.0,0.0,0.0,0.0,0.0,0.0,0.0,0.0,0.0,0.0,0.0,0.0,0.0,0.0,0.0,0.0,0.0,0.0,0.0,0.0,0.010000000000000009,0.0,0.0
125,0.0,0.01,0.04,0.06,0.030000000000000013,0.0,0.009999999999999981,0.0,0.0,0.0,0.0,0.010000000000000009,0.010000000000000009,0.0,0.009999999999999981,0.0,0.0,0.020000000000000018,0.0,0.0,0.009999999999999981,0.0,0.0,0.0,0.0,0.0,0.010000000000000009,0.010000000000000009,0.0,0.0,0.009999999999999981,0.010000000000000009,0.0,0.0,0.010000000000000009,0.0,0.0,0.0,0.0,0.0,0.0,0.0,0.0,0.020000000000000018,0.0,0.0,0.0,0.0,0.0,0.0,0.0,0.0,0.0,0.0,0.0,0.0,0.0,0.009999999999999953,0.010000000000000009,0.0,0.0,0.0,0.0,0.0,0.0,0.010000000000000009,0.0,0.0,0.0,0.010000000000000009,0.0,0.0,0.0,0.0,0.0,0.0,0.0,0.0,0.0,0.0,0.020000000000000018,0.0,0.0,0.0,0.0,0.0,0.0,0.0,0.0,0.0,0.0,0.0,0.0,0.0,0.009999999999999953,0.0,0.0,0.010000000000000009,0.0,0.0
126,0.0,0.03,0.09,0.04000000000000001,0.04999999999999999,0.020000000000000018,0.009999999999999981,0.020000000000000018,0.010000000000000009,0.0,0.0,0.019999999999999962,0.030000000000000027,0.020000000000000018,0.0,0.0,0.0,0.009999999999999953,0.0,0.010000000000000009,0.020000000000000018,0.0,0.0,0.020000000000000018,0.009999999999999953,0.010000000000000009,0.0,0.010000000000000009,0.010000000000000009,0.010000000000000009,0.0,0.0,0.010000000000000009,0.0,0.0,0.0,0.0,0.009999999999999953,0.0,0.010000000000000009,0.0,0.0,0.0,0.0,0.0,0.0,0.0,0.0,0.0,0.010000000000000009,0.0,0.0,0.0,0.0,0.0,0.0,0.0,0.0,0.0,0.0,0.0,0.0,0.0,0.0,0.0,0.0,0.0,0.0,0.0,0.0,0.0,0.0,0.0,0.0,0.0,0.0,0.0,0.0,0.0,0.0,0.0,0.0,0.0,0.0,0.0,0.0,0.0,0.0,0.0,0.0,0.010000000000000009,0.0,0.0,0.0,0.0,0.0,0.0,0.0,0.0,0.0
127,0.0,0.0,0.03,0.03,0.05,0.05,0.0,0.03,0.01999999999999999,0.03,0.020000000000000018,0.0,0.02999999999999997,0.020000000000000018,0.010000000000000009,0.0,0.010000000000000009,0.0,0.010000000000000009,0.0,0.0,0.0,0.0,0.0,0.0,0.0,0.0,0.0,0.0,0.0,0.0,0.0,0.0,0.0,0.009999999999999953,0.0,0.0,0.0,0.0,0.0,0.010000000000000009,0.0,0.010000000000000009,0.0,0.0,0.0,0.0,0.0,0.0,0.0,0.0,0.0,0.0,0.0,0.0,0.0,0.0,0.0,0.0,0.0,0.0,0.0,0.010000000000000009,0.0,0.010000000000000009,0.0,0.0,0.0,0.0,0.0,0.0,0.0,0.0,0.0,0.0,0.0,0.0,0.0,0.0,0.0,0.0,0.0,0.0,0.0,0.0,0.0,0.010000000000000009,0.0,0.0,0.0,0.0,0.0,0.0,0.0,0.0,0.0,0.0,0.0,0.0,0.0
128,0.0,0.0,0.05,0.009999999999999995,0.020000000000000004,0.03,0.0,0.009999999999999995,0.0,0.0,0.0,0.010000000000000009,0.0,0.0,0.0,0.0,0.0,0.0,0.010000000000000009,0.0,0.0,0.0,0.0,0.009999999999999981,0.0,0.0,0.0,0.0,0.0,0.0,0.010000000000000009,0.0,0.0,0.0,0.0,0.0,0.010000000000000009,0.009999999999999981,0.0,0.0,0.0,0.010000000000000009,0.0,0.010000000000000009,0.0,0.0,0.0,0.009999999999999981,0.0,0.0,0.0,0.0,0.0,0.010000000000000009,0.0,0.0,0.0,0.0,0.0,0.0,0.0,0.0,0.0,0.010000000000000009,0.009999999999999981,0.0,0.0,0.0,0.0,0.0,0.0,0.0,0.0,0.0,0.0,0.0,0.0,0.0,0.0,0.0,0.0,0.0,0.0,0.0,0.0,0.0,0.0,0.0,0.0,0.0,0.0,0.0,0.0,0.0,0.0,0.0,0.0,0.0,0.0,0.0
129,0.0,0.02,0.12000000000000001,0.10999999999999999,0.07,0.03999999999999998,0.010000000000000009,0.010000000000000009,0.03999999999999998,0.020000000000000018,0.02999999999999997,0.0,0.010000000000000009,0.020000000000000018,0.0,0.0,0.010000000000000009,0.0,0.010000000000000009,0.010000000000000009,0.0,0.030000000000000027,0.0,0.009999999999999898,0.0,0.0,0.0,0.010000000000000009,0.0,0.010000000000000009,0.010000000000000009,0.0,0.0,0.0,0.0,0.0,0.0,0.0,0.010000000000000009,0.0,0.0,0.0,0.010000000000000009,0.0,0.0,0.0,0.010000000000000009,0.0,0.0,0.0,0.0,0.0,0.0,0.0,0.0,0.0,0.0,0.0,0.0,0.010000000000000009,0.010000000000000009,0.0,0.0,0.0,0.010000000000000009,0.0,0.0,0.0,0.0,0.0,0.0,0.0,0.0,0.0,0.0,0.0,0.010000000000000009,0.0,0.0,0.0,0.0,0.0,0.0,0.0,0.010000000000000009,0.0,0.0,0.0,0.0,0.0,0.0,0.0,0.0,0.0,0.0,0.0,0.0,0.0,0.0,0.0
130,0.0,0.0,0.0,0.02,0.15000000000000002,0.04999999999999999,0.01999999999999999,0.04999999999999999,0.020000000000000018,0.010000000000000009,0.0,0.02999999999999997,0.0,0.0,0.010000000000000009,0.0,0.010000000000000009,0.0,0.0,0.0,0.010000000000000009,0.0,0.0,0.0,0.0,0.0,0.0,0.0,0.0,0.0,0.0,0.020000000000000018,0.0,0.009999999999999953,0.0,0.0,0.0,0.010000000000000009,0.0,0.0,0.020000000000000018,0.010000000000000009,0.0,0.0,0.0,0.0,0.0,0.0,0.0,0.010000000000000009,0.0,0.0,0.0,0.0,0.0,0.0,0.0,0.0,0.0,0.0,0.0,0.0,0.0,0.0,0.0,0.0,0.0,0.0,0.0,0.0,0.0,0.009999999999999953,0.0,0.0,0.0,0.0,0.0,0.0,0.0,0.010000000000000009,0.010000000000000009,0.0,0.010000000000000009,0.0,0.0,0.0,0.0,0.0,0.0,0.0,0.0,0.0,0.0,0.0,0.0,0.0,0.010000000000000009,0.0,0.0,0.0
131,0.0,0.01,0.11,0.07,0.06,0.010000000000000009,0.010000000000000009,0.010000000000000009,0.0,0.0,0.0,0.0,0.009999999999999953,0.0,0.010000000000000009,0.010000000000000009,0.020000000000000018,0.010000000000000009,0.0,0.0,0.0,0.0,0.0,0.0,0.009999999999999953,0.0,0.0,0.0,0.010000000000000009,0.0,0.0,0.0,0.0,0.010000000000000009,0.0,0.0,0.0,0.0,0.0,0.0,0.0,0.0,0.0,0.0,0.0,0.010000000000000009,0.0,0.010000000000000009,0.0,0.0,0.0,0.0,0.0,0.0,0.0,0.0,0.0,0.010000000000000009,0.0,0.0,0.0,0.0,0.0,0.0,0.0,0.009999999999999953,0.0,0.0,0.010000000000000009,0.0,0.0,0.0,0.010000000000000009,0.0,0.0,0.0,0.0,0.0,0.010000000000000009,0.0,0.0,0.0,0.010000000000000009,0.010000000000000009,0.009999999999999953,0.0,0.0,0.0,0.0,0.0,0.0,0.0,0.0,0.0,0.0,0.0,0.0,0.0,0.0,0.0
132,0.0,0.0,0.11,0.06000000000000001,0.03999999999999998,0.010000000000000009,0.0,0.0,0.010000000000000009,0.0,0.0,0.0,0.0,0.009999999999999981,0.020000000000000018,0.020000000000000018,0.0,0.0,0.0,0.009999999999999953,0.010000000000000009,0.020000000000000018,0.010000000000000009,0.0,0.010000000000000009,0.0,0.0,0.0,0.009999999999999953,0.0,0.0,0.0,0.0,0.010000000000000009,0.0,0.010000000000000009,0.0,0.0,0.0,0.0,0.0,0.0,0.010000000000000009,0.0,0.010000000000000009,0.0,0.010000000000000009,0.0,0.0,0.0,0.0,0.0,0.0,0.0,0.0,0.0,0.009999999999999953,0.0,0.0,0.0,0.0,0.010000000000000009,0.0,0.0,0.010000000000000009,0.0,0.0,0.0,0.0,0.0,0.0,0.0,0.0,0.0,0.0,0.020000000000000018,0.0,0.0,0.010000000000000009,0.0,0.0,0.0,0.009999999999999953,0.0,0.0,0.020000000000000018,0.0,0.0,0.0,0.0,0.0,0.010000000000000009,0.0,0.0,0.0,0.0,0.0,0.0,0.0,0.0
133,0.0,0.01,0.04,0.09000000000000001,0.09,0.03,0.020000000000000018,0.019999999999999962,0.020000000000000018,0.03999999999999998,0.010000000000000009,0.010000000000000009,0.010000000000000009,0.0,0.010000000000000009,0.0,0.0,0.0,0.019999999999999962,0.0,0.010000000000000009,0.010000000000000009,0.0,0.020000000000000018,0.009999999999999953,0.0,0.0,0.0,0.0,0.0,0.010000000000000009,0.0,0.0,0.0,0.0,0.0,0.0,0.0,0.010000000000000009,0.0,0.0,0.0,0.0,0.0,0.010000000000000009,0.0,0.0,0.010000000000000009,0.0,0.0,0.0,0.0,0.0,0.010000000000000009,0.0,0.0,0.0,0.0,0.0,0.0,0.0,0.0,0.0,0.0,0.0,0.0,0.0,0.0,0.0,0.0,0.010000000000000009,0.0,0.0,0.0,0.0,0.0,0.010000000000000009,0.0,0.0,0.0,0.010000000000000009,0.010000000000000009,0.0,0.0,0.0,0.0,0.009999999999999898,0.0,0.0,0.010000000000000009,0.0,0.0,0.0,0.0,0.0,0.0,0.0,0.0,0.0,0.0
134,0.0,0.02,0.13,0.13000000000000003,0.03999999999999998,0.12,0.03999999999999998,0.07000000000000006,0.039999999999999925,0.030000000000000027,0.06000000000000005,0.0,0.029999999999999916,0.0,0.0,0.0,0.010000000000000009,0.0,0.010000000000000009,0.0,0.0,0.010000000000000009,0.0,0.0,0.010000000000000009,0.010000000000000009,0.0,0.020000000000000018,0.010000000000000009,0.0,0.0,0.0,0.0,0.0,0.0,0.0,0.0,0.0,0.010000000000000009,0.019999999999999907,0.0,0.010000000000000009,0.0,0.0,0.010000000000000009,0.0,0.0,0.0,0.0,0.0,0.0,0.0,0.010000000000000009,0.0,0.020000000000000018,0.0,0.0,0.0,0.0,0.0,0.0,0.0,0.0,0.0,0.0,0.0,0.0,0.0,0.030000000000000027,0.010000000000000009,0.010000000000000009,0.0,0.0,0.0,0.0,0.0,0.0,0.0,0.0,0.0,0.0,0.0,0.0,0.0,0.0,0.0,0.0,0.0,0.0,0.0,0.0,0.010000000000000009,0.0,0.0,0.0,0.0,0.0,0.0,0.0,0.0
135,0.0,0.0,0.04,0.010000000000000002,0.009999999999999995,0.0,0.0,0.0,0.020000000000000004,0.020000000000000004,0.0,0.0,0.009999999999999995,0.0,0.0,0.0,0.0,0.009999999999999995,0.010000000000000009,0.0,0.0,0.010000000000000009,0.0,0.0,0.009999999999999981,0.0,0.020000000000000018,0.0,0.009999999999999981,0.0,0.0,0.0,0.0,0.0,0.0,0.0,0.020000000000000018,0.0,0.009999999999999981,0.0,0.0,0.010000000000000009,0.010000000000000009,0.0,0.0,0.0,0.0,0.0,0.0,0.0,0.0,0.0,0.0,0.0,0.0,0.0,0.0,0.0,0.0,0.0,0.009999999999999981,0.0,0.0,0.010000000000000009,0.0,0.0,0.0,0.0,0.0,0.0,0.0,0.0,0.0,0.0,0.0,0.010000000000000009,0.0,0.0,0.0,0.0,0.0,0.0,0.0,0.0,0.0,0.0,0.0,0.0,0.0,0.0,0.0,0.0,0.0,0.0,0.0,0.0,0.0,0.0,0.0,0.0
136,0.0,0.01,0.03,0.049999999999999996,0.020000000000000004,0.0,0.009999999999999995,0.010000000000000009,0.010000000000000009,0.009999999999999981,0.010000000000000009,0.0,0.010000000000000009,0.0,0.0,0.0,0.0,0.009999999999999981,0.020000000000000018,0.0,0.0,0.009999999999999981,0.010000000000000009,0.010000000000000009,0.01999999999999999,0.0,0.0,0.0,0.0,0.0,0.0,0.0,0.010000000000000009,0.0,0.0,0.0,0.0,0.0,0.0,0.010000000000000009,0.010000000000000009,0.0,0.0,0.009999999999999953,0.0,0.010000000000000009,0.0,0.010000000000000009,0.0,0.0,0.0,0.0,0.0,0.0,0.0,0.0,0.0,0.0,0.0,0.010000000000000009,0.0,0.0,0.010000000000000009,0.0,0.0,0.0,0.010000000000000009,0.0,0.0,0.0,0.0,0.019999999999999962,0.0,0.0,0.0,0.0,0.0,0.010000000000000009,0.0,0.010000000000000009,0.0,0.0,0.010000000000000009,0.010000000000000009,0.0,0.0,0.0,0.0,0.0,0.0,0.0,0.0,0.0,0.0,0.0,0.0,0.009999999999999953,0.0,0.0,0.0
137,0.0,0.0,0.02,0.05,0.009999999999999995,0.03,0.030000000000000013,0.01999999999999999,0.03,0.010000000000000009,0.01999999999999999,0.01999999999999999,0.0,0.0,0.010000000000000009,0.010000000000000009,0.010000000000000009,0.0,0.0,0.0,0.010000000000000009,0.0,0.019999999999999962,0.0,0.020000000000000018,0.020000000000000018,0.009999999999999953,0.0,0.0,0.010000000000000009,0.030000000000000027,0.010000000000000009,0.019999999999999962,0.010000000000000009,0.010000000000000009,0.010000000000000009,0.0,0.010000000000000009,0.0,0.0,0.0,0.0,0.009999999999999953,0.0,0.010000000000000009,0.010000000000000009,0.0,0.010000000000000009,0.0,0.010000000000000009,0.0,0.010000000000000009,0.0,0.0,0.0,0.0,0.0,0.0,0.0,0.0,0.0,0.010000000000000009,0.0,0.0,0.0,0.0,0.010000000000000009,0.0,0.0,0.0,0.0,0.0,0.0,0.0,0.0,0.0,0.0,0.0,0.0,0.0,0.0,0.0,0.010000000000000009,0.0,0.0,0.0,0.0,0.0,0.0,0.0,0.0,0.0,0.0,0.010000000000000009,0.0,0.0,0.0,0.0,0.0,0.0
138,0.0,0.0,0.07,0.04999999999999999,0.05000000000000002,0.01999999999999999,0.04999999999999999,0.020000000000000018,0.020000000000000018,0.009999999999999953,0.020000000000000018,0.0,0.010000000000000009,0.020000000000000018,0.0,0.02999999999999997,0.020000000000000018,0.02999999999999997,0.0,0.0,0.010000000000000009,0.0,0.010000000000000009,0.0,0.010000000000000009,0.019999999999999962,0.010000000000000009,0.0,0.010000000000000009,0.0,0.0,0.0,0.0,0.0,0.0,0.010000000000000009,0.0,0.0,0.0,0.0,0.0,0.0,0.010000000000000009,0.0,0.010000000000000009,0.010000000000000009,0.0,0.0,0.0,0.0,0.0,0.0,0.0,0.0,0.0,0.0,0.0,0.0,0.0,0.0,0.0,0.010000000000000009,0.0,0.0,0.0,0.0,0.0,0.0,0.0,0.0,0.0,0.0,0.0,0.010000000000000009,0.0,0.0,0.0,0.0,0.0,0.0,0.0,0.0,0.0,0.0,0.0,0.0,0.0,0.0,0.0,0.010000000000000009,0.0,0.0,0.0,0.0,0.0,0.0,0.0,0.0,0.009999999999999898,0.0
139,0.0,0.01,0.049999999999999996,0.03,0.07,0.0,0.0,0.0,0.010000000000000009,0.009999999999999981,0.0,0.020000000000000018,0.0,0.009999999999999981,0.0,0.020000000000000018,0.009999999999999981,0.0,0.0,0.0,0.0,0.0,0.010000000000000009,0.0,0.0,0.0,0.0,0.010000000000000009,0.0,0.0,0.010000000000000009,0.0,0.010000000000000009,0.0,0.0,0.0,0.0,0.0,0.0,0.009999999999999953,0.0,0.0,0.0,0.0,0.0,0.0,0.010000000000000009,0.0,0.0,0.0,0.0,0.0,0.0,0.0,0.0,0.020000000000000018,0.0,0.0,0.0,0.0,0.010000000000000009,0.0,0.0,0.0,0.0,0.0,0.0,0.0,0.0,0.0,0.0,0.0,0.0,0.0,0.0,0.0,0.0,0.0,0.0,0.0,0.0,0.0,0.0,0.0,0.0,0.0,0.0,0.0,0.0,0.0,0.0,0.0,0.0,0.0,0.0,0.0,0.0,0.0,0.0,0.0
140,0.0,0.02,0.09999999999999999,0.07,0.09999999999999998,0.030000000000000027,0.010000000000000009,0.03999999999999998,0.03999999999999998,0.020000000000000018,0.010000000000000009,0.02999999999999997,0.0,0.020000000000000018,0.0,0.010000000000000009,0.030000000000000027,0.0,0.0,0.0,0.020000000000000018,0.010000000000000009,0.0,0.0,0.009999999999999898,0.010000000000000009,0.0,0.0,0.010000000000000009,0.0,0.0,0.010000000000000009,0.0,0.0,0.0,0.0,0.010000000000000009,0.0,0.010000000000000009,0.0,0.010000000000000009,0.0,0.0,0.010000000000000009,0.0,0.0,0.0,0.0,0.010000000000000009,0.010000000000000009,0.0,0.0,0.010000000000000009,0.010000000000000009,0.009999999999999898,0.0,0.010000000000000009,0.0,0.0,0.0,0.010000000000000009,0.010000000000000009,0.0,0.0,0.0,0.0,0.0,0.0,0.0,0.0,0.0,0.0,0.0,0.0,0.0,0.0,0.0,0.0,0.0,0.0,0.0,0.0,0.0,0.0,0.0,0.0,0.0,0.0,0.0,0.0,0.010000000000000009,0.0,0.0,0.0,0.0,0.0,0.0,0.0,0.0,0.0
141,0.0,0.02,0.11,0.09,0.01999999999999999,0.020000000000000018,0.010000000000000009,0.010000000000000009,0.0,0.0,0.0,0.009999999999999953,0.0,0.010000000000000009,0.0,0.010000000000000009,0.0,0.0,0.0,0.0,0.0,0.020000000000000018,0.0,0.0,0.0,0.019999999999999962,0.0,0.0,0.010000000000000009,0.0,0.0,0.0,0.0,0.0,0.020000000000000018,0.0,0.0,0.020000000000000018,0.009999999999999953,0.0,0.0,0.0,0.0,0.0,0.0,0.0,0.0,0.0,0.0,0.010000000000000009,0.0,0.0,0.0,0.0,0.0,0.0,0.010000000000000009,0.0,0.0,0.0,0.010000000000000009,0.0,0.0,0.0,0.0,0.0,0.0,0.0,0.0,0.010000000000000009,0.0,0.0,0.0,0.0,0.0,0.0,0.0,0.0,0.0,0.0,0.010000000000000009,0.0,0.0,0.009999999999999953,0.0,0.0,0.010000000000000009,0.0,0.0,0.0,0.0,0.0,0.0,0.0,0.0,0.0,0.0,0.0,0.0,0.010000000000000009
142,0.0,0.0,0.04,0.060000000000000005,0.01999999999999999,0.04000000000000001,0.04999999999999999,0.010000000000000009,0.0,0.0,0.0,0.0,0.0,0.0,0.0,0.0,0.010000000000000009,0.009999999999999981,0.0,0.010000000000000009,0.0,0.020000000000000018,0.0,0.0,0.0,0.0,0.0,0.0,0.0,0.010000000000000009,0.009999999999999953,0.0,0.010000000000000009,0.0,0.020000000000000018,0.0,0.0,0.0,0.0,0.0,0.0,0.010000000000000009,0.0,0.0,0.0,0.0,0.0,0.010000000000000009,0.0,0.0,0.0,0.0,0.0,0.0,0.0,0.0,0.0,0.0,0.0,0.0,0.0,0.0,0.0,0.0,0.0,0.0,0.0,0.0,0.009999999999999953,0.0,0.0,0.0,0.0,0.010000000000000009,0.0,0.0,0.0,0.0,0.0,0.0,0.0,0.0,0.0,0.0,0.0,0.0,0.0,0.0,0.0,0.0,0.0,0.0,0.0,0.0,0.0,0.0,0.010000000000000009,0.0,0.0,0.0
143,0.0,0.01,0.0,0.01,0.02,0.010000000000000002,0.039999999999999994,0.0,0.0,0.0,0.0,0.0,0.010000000000000009,0.0,0.0,0.0,0.0,0.009999999999999995,0.0,0.009999999999999995,0.0,0.0,0.0,0.0,0.0,0.010000000000000009,0.010000000000000009,0.0,0.0,0.0,0.0,0.009999999999999981,0.020000000000000018,0.0,0.009999999999999981,0.0,0.0,0.010000000000000009,0.0,0.0,0.010000000000000009,0.01999999999999999,0.0,0.010000000000000009,0.0,0.0,0.0,0.009999999999999981,0.0,0.010000000000000009,0.0,0.0,0.0,0.0,0.0,0.010000000000000009,0.0,0.010000000000000009,0.0,0.0,0.0,0.0,0.0,0.0,0.0,0.019999999999999962,0.010000000000000009,0.0,0.0,0.0,0.0,0.0,0.0,0.0,0.0,0.0,0.0,0.0,0.0,0.0,0.010000000000000009,0.0,0.0,0.0,0.010000000000000009,0.0,0.0,0.0,0.0,0.0,0.0,0.0,0.010000000000000009,0.0,0.0,0.010000000000000009,0.0,0.0,0.0,0.0
144,0.0,0.0,0.01,0.01,0.030000000000000002,0.009999999999999995,0.020000000000000004,0.0,0.009999999999999995,0.0,0.010000000000000009,0.0,0.0,0.0,0.009999999999999995,0.0,0.0,0.009999999999999995,0.0,0.0,0.010000000000000009,0.010000000000000009,0.0,0.0,0.0,0.0,0.0,0.009999999999999981,0.010000000000000009,0.010000000000000009,0.01999999999999999,0.010000000000000009,0.009999999999999981,0.0,0.010000000000000009,0.0,0.0,0.0,0.0,0.0,0.0,0.010000000000000009,0.0,0.009999999999999981,0.0,0.020000000000000018,0.0,0.0,0.010000000000000009,0.0,0.0,0.0,0.0,0.0,0.010000000000000009,0.0,0.0,0.0,0.0,0.0,0.0,0.0,0.009999999999999953,0.0,0.0,0.0,0.0,0.0,0.010000000000000009,0.0,0.0,0.0,0.0,0.0,0.0,0.0,0.0,0.0,0.0,0.010000000000000009,0.0,0.0,0.0,0.0,0.0,0.0,0.010000000000000009,0.0,0.0,0.0,0.0,0.0,0.0,0.0,0.0,0.0,0.0,0.0,0.0,0.0
145,0.0,0.0,0.05,0.05,0.01999999999999999,0.020000000000000018,0.009999999999999981,0.0,0.03,0.010000000000000009,0.03,0.0,0.010000000000000009,0.01999999999999999,0.0,0.0,0.010000000000000009,0.010000000000000009,0.019999999999999962,0.0,0.010000000000000009,0.0,0.010000000000000009,0.020000000000000018,0.0,0.0,0.0,0.019999999999999962,0.010000000000000009,0.0,0.0,0.0,0.0,0.0,0.0,0.0,0.010000000000000009,0.0,0.0,0.010000000000000009,0.0,0.0,0.0,0.0,0.0,0.010000000000000009,0.010000000000000009,0.0,0.0,0.019999999999999962,0.0,0.0,0.0,0.0,0.0,0.010000000000000009,0.0,0.0,0.0,0.0,0.010000000000000009,0.0,0.0,0.0,0.0,0.0,0.0,0.0,0.010000000000000009,0.0,0.0,0.0,0.0,0.0,0.0,0.0,0.0,0.010000000000000009,0.0,0.0,0.0,0.0,0.0,0.0,0.0,0.0,0.0,0.0,0.0,0.0,0.0,0.0,0.0,0.0,0.009999999999999953,0.0,0.0,0.010000000000000009,0.0,0.0
146,0.0,0.01,0.060000000000000005,0.009999999999999995,0.009999999999999995,0.0,0.010000000000000009,0.0,0.009999999999999995,0.009999999999999995,0.0,0.010000000000000009,0.010000000000000009,0.0,0.009999999999999981,0.020000000000000018,0.0,0.009999999999999981,0.010000000000000009,0.0,0.010000000000000009,0.009999999999999981,0.010000000000000009,0.0,0.0,0.010000000000000009,0.0,0.009999999999999981,0.010000000000000009,0.0,0.020000000000000018,0.019999999999999962,0.0,0.0,0.010000000000000009,0.0,0.0,0.0,0.0,0.010000000000000009,0.0,0.010000000000000009,0.0,0.0,0.0,0.0,0.0,0.0,0.010000000000000009,0.0,0.0,0.010000000000000009,0.009999999999999953,0.0,0.0,0.010000000000000009,0.0,0.0,0.0,0.010000000000000009,0.0,0.0,0.0,0.010000000000000009,0.010000000000000009,0.0,0.0,0.0,0.0,0.0,0.0,0.0,0.0,0.0,0.0,0.010000000000000009,0.0,0.0,0.0,0.0,0.0,0.0,0.0,0.0,0.0,0.0,0.0,0.0,0.0,0.0,0.0,0.0,0.0,0.0,0.0,0.0,0.0,0.0,0.0,0.0
147,0.0,0.01,0.09000000000000001,0.04999999999999999,0.010000000000000009,0.03,0.01999999999999999,0.010000000000000009,0.0,0.0,0.0,0.0,0.010000000000000009,0.009999999999999981,0.0,0.0,0.030000000000000027,0.010000000000000009,0.0,0.0,0.009999999999999953,0.0,0.0,0.0,0.0,0.010000000000000009,0.0,0.0,0.0,0.020000000000000018,0.010000000000000009,0.0,0.0,0.0,0.0,0.0,0.019999999999999962,0.010000000000000009,0.0,0.010000000000000009,0.0,0.0,0.0,0.0,0.0,0.0,0.0,0.0,0.0,0.0,0.0,0.0,0.0,0.010000000000000009,0.0,0.0,0.0,0.0,0.0,0.0,0.0,0.0,0.0,0.0,0.0,0.0,0.0,0.010000000000000009,0.0,0.010000000000000009,0.0,0.0,0.0,0.0,0.0,0.0,0.0,0.0,0.0,0.0,0.0,0.0,0.0,0.0,0.0,0.0,0.0,0.0,0.0,0.0,0.0,0.0,0.0,0.0,0.0,0.0,0.009999999999999953,0.0,0.0,0.0
148,0.0,0.01,0.049999999999999996,0.06,0.0,0.010000000000000009,0.04000000000000001,0.009999999999999981,0.0,0.0,0.010000000000000009,0.0,0.0,0.0,0.0,0.010000000000000009,0.0,0.009999999999999981,0.0,0.010000000000000009,0.0,0.0,0.0,0.0,0.0,0.0,0.010000000000000009,0.0,0.009999999999999981,0.020000000000000018,0.0,0.0,0.0,0.0,0.0,0.0,0.0,0.0,0.010000000000000009,0.0,0.0,0.0,0.0,0.0,0.0,0.0,0.0,0.0,0.0,0.019999999999999962,0.0,0.0,0.0,0.010000000000000009,0.0,0.0,0.0,0.0,0.0,0.0,0.0,0.0,0.0,0.0,0.0,0.0,0.0,0.0,0.0,0.0,0.0,0.0,0.0,0.0,0.0,0.0,0.0,0.0,0.0,0.0,0.0,0.0,0.0,0.0,0.0,0.0,0.0,0.0,0.0,0.010000000000000009,0.0,0.0,0.0,0.0,0.0,0.0,0.0,0.0,0.0,0.0
149,0.0,0.01,0.049999999999999996,0.07,0.04999999999999999,0.020000000000000018,0.0,0.03,0.0,0.009999999999999981,0.010000000000000009,0.020000000000000018,0.010000000000000009,0.019999999999999962,0.0,0.010000000000000009,0.0,0.010000000000000009,0.0,0.0,0.0,0.0,0.010000000000000009,0.0,0.0,0.0,0.010000000000000009,0.0,0.009999999999999953,0.010000000000000009,0.010000000000000009,0.020000000000000018,0.0,0.0,0.0,0.0,0.0,0.0,0.0,0.0,0.010000000000000009,0.0,0.0,0.009999999999999953,0.0,0.010000000000000009,0.0,0.0,0.0,0.0,0.0,0.0,0.0,0.020000000000000018,0.0,0.0,0.0,0.0,0.0,0.0,0.020000000000000018,0.0,0.0,0.009999999999999953,0.0,0.010000000000000009,0.0,0.0,0.010000000000000009,0.0,0.0,0.0,0.0,0.0,0.0,0.0,0.010000000000000009,0.0,0.0,0.0,0.0,0.0,0.0,0.0,0.0,0.0,0.0,0.0,0.0,0.0,0.0,0.0,0.0,0.0,0.0,0.0,0.0,0.0,0.0,0.0
150,0.0,0.01,0.060000000000000005,0.07999999999999999,0.03,0.04000000000000001,0.03,0.03999999999999998,0.050000000000000044,0.02999999999999997,0.010000000000000009,0.020000000000000018,0.019999999999999962,0.020000000000000018,0.010000000000000009,0.010000000000000009,0.0,0.0,0.019999999999999962,0.0,0.0,0.0,0.0,0.0,0.010000000000000009,0.010000000000000009,0.010000000000000009,0.0,0.010000000000000009,0.020000000000000018,0.020000000000000018,0.0,0.009999999999999898,0.0,0.0,0.0,0.0,0.020000000000000018,0.010000000000000009,0.0,0.0,0.0,0.0,0.020000000000000018,0.0,0.010000000000000009,0.010000000000000009,0.0,0.0,0.0,0.0,0.0,0.0,0.0,0.0,0.0,0.0,0.0,0.0,0.0,0.0,0.0,0.0,0.0,0.0,0.0,0.0,0.0,0.010000000000000009,0.0,0.0,0.0,0.0,0.010000000000000009,0.0,0.0,0.0,0.0,0.0,0.010000000000000009,0.0,0.0,0.0,0.0,0.0,0.0,0.0,0.0,0.0,0.0,0.0,0.0,0.0,0.0,0.0,0.0,0.0,0.0,0.0,0.0
151,0.0,0.04,0.09,0.10999999999999999,0.07,0.06,0.010000000000000009,0.010000000000000009,0.0,0.010000000000000009,0.019999999999999962,0.030000000000000027,0.010000000000000009,0.019999999999999962,0.030000000000000027,0.020000000000000018,0.010000000000000009,0.029999999999999916,0.0,0.010000000000000009,0.010000000000000009,0.0,0.010000000000000009,0.0,0.0,0.010000000000000009,0.010000000000000009,0.010000000000000009,0.0,0.0,0.010000000000000009,0.0,0.0,0.010000000000000009,0.0,0.010000000000000009,0.010000000000000009,0.010000000000000009,0.0,0.0,0.009999999999999898,0.0,0.0,0.020000000000000018,0.0,0.010000000000000009,0.010000000000000009,0.0,0.0,0.010000000000000009,0.0,0.0,0.0,0.0,0.0,0.0,0.0,0.0,0.0,0.010000000000000009,0.0,0.0,0.0,0.0,0.010000000000000009,0.0,0.0,0.0,0.0,0.0,0.0,0.0,0.0,0.0,0.0,0.0,0.0,0.0,0.010000000000000009,0.010000000000000009,0.0,0.0,0.0,0.0,0.010000000000000009,0.0,0.0,0.0,0.0,0.0,0.0,0.0,0.010000000000000009,0.010000000000000009,0.0,0.0,0.0,0.0,0.0,0.0
152,0.0,0.0,0.05,0.009999999999999995,0.020000000000000004,0.009999999999999995,0.03,0.020000000000000018,0.0,0.009999999999999981,0.010000000000000009,0.01999999999999999,0.010000000000000009,0.0,0.010000000000000009,0.009999999999999981,0.0,0.0,0.020000000000000018,0.0,0.009999999999999981,0.0,0.010000000000000009,0.0,0.010000000000000009,0.010000000000000009,0.0,0.0,0.0,0.0,0.0,0.010000000000000009,0.0,0.0,0.0,0.0,0.009999999999999953,0.0,0.0,0.0,0.010000000000000009,0.0,0.0,0.0,0.010000000000000009,0.0,0.0,0.0,0.0,0.0,0.0,0.0,0.0,0.0,0.0,0.0,0.0,0.010000000000000009,0.0,0.0,0.0,0.010000000000000009,0.0,0.0,0.0,0.0,0.0,0.0,0.0,0.0,0.0,0.0,0.0,0.0,0.0,0.0,0.0,0.0,0.0,0.0,0.0,0.0,0.0,0.0,0.0,0.0,0.0,0.0,0.0,0.0,0.0,0.0,0.0,0.0,0.0,0.0,0.0,0.0,0.0,0.0
153,0.0,0.02,0.039999999999999994,0.05,0.039999999999999994,0.010000000000000009,0.0,0.0,0.010000000000000009,0.01999999999999999,0.010000000000000009,0.0,0.009999999999999981,0.0,0.010000000000000009,0.010000000000000009,0.01999999999999999,0.010000000000000009,0.010000000000000009,0.010000000000000009,0.0,0.009999999999999953,0.010000000000000009,0.010000000000000009,0.020000000000000018,0.010000000000000009,0.0,0.009999999999999953,0.0,0.0,0.0,0.010000000000000009,0.010000000000000009,0.010000000000000009,0.0,0.0,0.0,0.0,0.0,0.0,0.010000000000000009,0.0,0.019999999999999962,0.0,0.010000000000000009,0.0,0.0,0.010000000000000009,0.010000000000000009,0.0,0.0,0.010000000000000009,0.0,0.0,0.0,0.0,0.010000000000000009,0.0,0.009999999999999953,0.0,0.0,0.0,0.0,0.010000000000000009,0.010000000000000009,0.0,0.0,0.010000000000000009,0.0,0.0,0.0,0.0,0.0,0.0,0.0,0.010000000000000009,0.010000000000000009,0.0,0.0,0.0,0.0,0.0,0.0,0.0,0.0,0.0,0.0,0.0,0.0,0.0,0.0,0.0,0.0,0.0,0.0,0.0,0.010000000000000009,0.0,0.0,0.0
154,0.0,0.0,0.05,0.08,0.04000000000000001,0.01999999999999999,0.04000000000000001,0.0,0.009999999999999981,0.010000000000000009,0.010000000000000009,0.0,0.010000000000000009,0.010000000000000009,0.019999999999999962,0.010000000000000009,0.0,0.0,0.0,0.010000000000000009,0.010000000000000009,0.0,0.0,0.010000000000000009,0.0,0.0,0.009999999999999953,0.010000000000000009,0.0,0.0,0.0,0.0,0.0,0.0,0.0,0.010000000000000009,0.0,0.0,0.0,0.0,0.0,0.0,0.0,0.0,0.0,0.0,0.0,0.0,0.0,0.0,0.0,0.0,0.0,0.0,0.010000000000000009,0.0,0.0,0.0,0.0,0.0,0.0,0.0,0.0,0.0,0.0,0.0,0.0,0.0,0.0,0.0,0.0,0.0,0.0,0.0,0.0,0.0,0.0,0.0,0.010000000000000009,0.0,0.0,0.0,0.0,0.0,0.0,0.0,0.010000000000000009,0.0,0.0,0.0,0.0,0.0,0.0,0.0,0.0,0.0,0.0,0.009999999999999953,0.0,0.0
155,0.0,0.02,0.06999999999999999,0.05000000000000002,0.06,0.03,0.009999999999999981,0.030000000000000027,0.0,0.03999999999999998,0.0,0.010000000000000009,0.0,0.0,0.010000000000000009,0.010000000000000009,0.0,0.0,0.009999999999999953,0.0,0.0,0.0,0.0,0.020000000000000018,0.0,0.010000000000000009,0.010000000000000009,0.0,0.0,0.0,0.010000000000000009,0.0,0.0,0.0,0.0,0.0,0.0,0.0,0.0,0.0,0.0,0.0,0.0,0.0,0.0,0.009999999999999953,0.0,0.010000000000000009,0.0,0.010000000000000009,0.0,0.0,0.0,0.0,0.0,0.0,0.0,0.010000000000000009,0.0,0.0,0.0,0.0,0.0,0.010000000000000009,0.0,0.0,0.0,0.0,0.0,0.0,0.0,0.0,0.0,0.010000000000000009,0.0,0.0,0.0,0.0,0.0,0.009999999999999953,0.0,0.0,0.010000000000000009,0.0,0.0,0.0,0.0,0.0,0.0,0.0,0.0,0.0,0.0,0.0,0.010000000000000009,0.0,0.0,0.0,0.0,0.0
156,0.0,0.01,0.04,0.03,0.020000000000000004,0.009999999999999995,0.0,0.0,0.0,0.0,0.0,0.0,0.009999999999999995,0.0,0.020000000000000018,0.009999999999999981,0.010000000000000009,0.0,0.010000000000000009,0.0,0.0,0.0,0.0,0.0,0.009999999999999981,0.010000000000000009,0.0,0.010000000000000009,0.0,0.0,0.01999999999999999,0.0,0.0,0.0,0.0,0.0,0.0,0.010000000000000009,0.0,0.0,0.0,0.0,0.0,0.009999999999999981,0.0,0.0,0.0,0.0,0.0,0.010000000000000009,0.0,0.0,0.010000000000000009,0.010000000000000009,0.0,0.0,0.0,0.0,0.0,0.0,0.010000000000000009,0.019999999999999962,0.0,0.0,0.0,0.0,0.0,0.010000000000000009,0.0,0.0,0.0,0.0,0.0,0.0,0.0,0.0,0.0,0.0,0.0,0.0,0.010000000000000009,0.0,0.0,0.0,0.0,0.0,0.0,0.010000000000000009,0.0,0.0,0.0,0.0,0.0,0.0,0.0,0.0,0.0,0.010000000000000009,0.0,0.0
157,0.0,0.0,0.07,0.13,0.03,0.01999999999999999,0.020000000000000018,0.010000000000000009,0.009999999999999953,0.030000000000000027,0.010000000000000009,0.010000000000000009,0.009999999999999953,0.0,0.010000000000000009,0.010000000000000009,0.020000000000000018,0.0,0.019999999999999962,0.0,0.0,0.0,0.0,0.0,0.0,0.020000000000000018,0.0,0.0,0.0,0.0,0.0,0.010000000000000009,0.0,0.010000000000000009,0.0,0.0,0.010000000000000009,0.0,0.0,0.0,0.0,0.0,0.0,0.0,0.0,0.0,0.009999999999999953,0.0,0.0,0.0,0.0,0.0,0.0,0.0,0.0,0.0,0.0,0.0,0.0,0.0,0.0,0.0,0.0,0.0,0.0,0.0,0.0,0.0,0.0,0.0,0.0,0.0,0.0,0.0,0.0,0.0,0.0,0.0,0.0,0.0,0.0,0.0,0.0,0.0,0.0,0.0,0.0,0.0,0.0,0.0,0.0,0.0,0.0,0.0,0.0,0.010000000000000009,0.0,0.0,0.0,0.0
158,0.0,0.0,0.08,0.06000000000000001,0.03,0.01999999999999999,0.0,0.03,0.0,0.010000000000000009,0.01999999999999999,0.010000000000000009,0.010000000000000009,0.0,0.010000000000000009,0.0,0.0,0.0,0.0,0.0,0.0,0.009999999999999953,0.0,0.0,0.0,0.0,0.0,0.0,0.010000000000000009,0.0,0.0,0.0,0.010000000000000009,0.0,0.0,0.0,0.0,0.010000000000000009,0.010000000000000009,0.0,0.0,0.0,0.0,0.0,0.010000000000000009,0.0,0.0,0.0,0.0,0.0,0.0,0.0,0.0,0.0,0.0,0.0,0.0,0.0,0.009999999999999953,0.010000000000000009,0.0,0.0,0.0,0.0,0.010000000000000009,0.0,0.0,0.0,0.0,0.0,0.0,0.0,0.0,0.0,0.010000000000000009,0.0,0.0,0.0,0.0,0.0,0.0,0.0,0.0,0.0,0.0,0.0,0.0,0.0,0.0,0.0,0.0,0.0,0.0,0.0,0.0,0.0,0.0,0.0,0.0,0.0
159,0.0,0.02,0.06,0.039999999999999994,0.03,0.020000000000000018,0.009999999999999981,0.0,0.010000000000000009,0.010000000000000009,0.009999999999999981,0.03,0.010000000000000009,0.010000000000000009,0.0,0.0,0.0,0.0,0.0,0.0,0.0,0.0,0.010000000000000009,0.0,0.0,0.0,0.010000000000000009,0.0,0.0,0.0,0.009999999999999953,0.0,0.0,0.0,0.0,0.010000000000000009,0.0,0.0,0.0,0.0,0.0,0.010000000000000009,0.0,0.010000000000000009,0.0,0.010000000000000009,0.010000000000000009,0.0,0.0,0.0,0.009999999999999953,0.0,0.020000000000000018,0.0,0.0,0.010000000000000009,0.0,0.0,0.0,0.0,0.0,0.0,0.0,0.0,0.0,0.0,0.0,0.010000000000000009,0.0,0.0,0.0,0.0,0.0,0.010000000000000009,0.0,0.009999999999999953,0.0,0.0,0.0,0.0,0.0,0.0,0.0,0.0,0.0,0.010000000000000009,0.0,0.0,0.0,0.0,0.0,0.0,0.0,0.010000000000000009,0.0,0.0,0.0,0.0,0.0,0.0
160,0.0,0.01,0.060000000000000005,0.03,0.03,0.06,0.01999999999999999,0.0,0.020000000000000018,0.0,0.0,0.009999999999999981,0.0,0.0,0.0,0.010000000000000009,0.0,0.0,0.0,0.0,0.0,0.0,0.020000000000000018,0.0,0.0,0.019999999999999962,0.020000000000000018,0.0,0.0,0.0,0.0,0.0,0.0,0.0,0.0,0.010000000000000009,0.010000000000000009,0.0,0.0,0.0,0.019999999999999962,0.010000000000000009,0.0,0.0,0.0,0.0,0.0,0.0,0.0,0.0,0.0,0.0,0.0,0.0,0.0,0.0,0.0,0.0,0.0,0.010000000000000009,0.0,0.0,0.0,0.0,0.0,0.0,0.010000000000000009,0.0,0.0,0.0,0.0,0.0,0.0,0.0,0.0,0.0,0.0,0.0,0.0,0.0,0.010000000000000009,0.0,0.0,0.010000000000000009,0.009999999999999953,0.0,0.0,0.010000000000000009,0.0,0.0,0.0,0.0,0.0,0.0,0.0,0.0,0.0,0.0,0.0,0.0
161,0.0,0.01,0.03,0.019999999999999997,0.05,0.020000000000000004,0.01999999999999999,0.010000000000000009,0.0,0.0,0.0,0.0,0.0,0.010000000000000009,0.0,0.009999999999999981,0.010000000000000009,0.0,0.0,0.010000000000000009,0.0,0.01999999999999999,0.0,0.010000000000000009,0.0,0.0,0.009999999999999981,0.010000000000000009,0.010000000000000009,0.0,0.010000000000000009,0.0,0.0,0.0,0.0,0.0,0.0,0.0,0.010000000000000009,0.0,0.0,0.0,0.0,0.0,0.0,0.0,0.009999999999999953,0.0,0.0,0.0,0.0,0.010000000000000009,0.0,0.0,0.0,0.0,0.0,0.0,0.0,0.0,0.0,0.0,0.0,0.0,0.010000000000000009,0.0,0.010000000000000009,0.0,0.0,0.0,0.0,0.0,0.010000000000000009,0.0,0.0,0.0,0.0,0.0,0.0,0.0,0.0,0.0,0.0,0.0,0.0,0.0,0.0,0.0,0.0,0.0,0.0,0.0,0.010000000000000009,0.0,0.0,0.0,0.0,0.0,0.009999999999999953,0.0
162,0.0,0.0,0.03,0.08,0.030000000000000013,0.009999999999999981,0.020000000000000018,0.01999999999999999,0.01999999999999999,0.04000000000000001,0.010000000000000009,0.010000000000000009,0.010000000000000009,0.009999999999999953,0.0,0.0,0.010000000000000009,0.010000000000000009,0.0,0.020000000000000018,0.0,0.0,0.010000000000000009,0.0,0.0,0.0,0.009999999999999953,0.0,0.010000000000000009,0.020000000000000018,0.0,0.0,0.0,0.0,0.0,0.0,0.0,0.0,0.0,0.0,0.0,0.0,0.0,0.0,0.010000000000000009,0.010000000000000009,0.0,0.0,0.0,0.0,0.009999999999999953,0.0,0.0,0.0,0.0,0.0,0.0,0.010000000000000009,0.010000000000000009,0.0,0.0,0.0,0.0,0.0,0.0,0.0,0.0,0.0,0.0,0.0,0.0,0.0,0.0,0.0,0.0,0.0,0.0,0.010000000000000009,0.0,0.0,0.0,0.0,0.0,0.0,0.0,0.0,0.0,0.0,0.0,0.0,0.010000000000000009,0.0,0.0,0.0,0.0,0.0,0.0,0.0,0.0,0.0
163,0.0,0.0,0.03,0.03,0.08000000000000002,0.0,0.03,0.03,0.009999999999999981,0.010000000000000009,0.010000000000000009,0.0,0.0,0.0,0.0,0.0,0.009999999999999981,0.010000000000000009,0.0,0.0,0.0,0.0,0.0,0.0,0.020000000000000018,0.0,0.0,0.0,0.0,0.010000000000000009,0.02999999999999997,0.0,0.0,0.0,0.0,0.0,0.010000000000000009,0.0,0.0,0.0,0.0,0.0,0.0,0.0,0.010000000000000009,0.0,0.0,0.0,0.0,0.0,0.010000000000000009,0.0,0.009999999999999953,0.0,0.0,0.0,0.0,0.0,0.0,0.0,0.0,0.0,0.0,0.0,0.0,0.0,0.0,0.0,0.0,0.0,0.0,0.0,0.0,0.0,0.0,0.0,0.0,0.0,0.0,0.0,0.010000000000000009,0.0,0.0,0.0,0.010000000000000009,0.0,0.0,0.0,0.010000000000000009,0.0,0.0,0.0,0.0,0.0,0.0,0.0,0.0,0.0,0.0,0.0
164,0.0,0.01,0.049999999999999996,0.07,0.04000000000000001,0.009999999999999981,0.010000000000000009,0.0,0.0,0.0,0.0,0.01999999999999999,0.010000000000000009,0.010000000000000009,0.0,0.0,0.0,0.009999999999999981,0.010000000000000009,0.030000000000000027,0.0,0.019999999999999962,0.0,0.0,0.010000000000000009,0.0,0.010000000000000009,0.0,0.0,0.010000000000000009,0.0,0.0,0.0,0.0,0.010000000000000009,0.0,0.0,0.0,0.009999999999999953,0.0,0.0,0.010000000000000009,0.0,0.0,0.010000000000000009,0.010000000000000009,0.010000000000000009,0.010000000000000009,0.009999999999999953,0.0,0.0,0.0,0.0,0.0,0.0,0.010000000000000009,0.0,0.0,0.0,0.0,0.0,0.0,0.0,0.0,0.0,0.0,0.0,0.0,0.0,0.0,0.0,0.0,0.010000000000000009,0.0,0.0,0.0,0.0,0.0,0.0,0.0,0.0,0.0,0.0,0.010000000000000009,0.0,0.0,0.0,0.0,0.0,0.0,0.0,0.0,0.0,0.0,0.0,0.0,0.0,0.0,0.0,0.0
165,0.0,0.01,0.019999999999999997,0.0,0.07,0.03,0.0,0.01999999999999999,0.0,0.0,0.010000000000000009,0.010000000000000009,0.009999999999999981,0.0,0.010000000000000009,0.0,0.0,0.0,0.0,0.0,0.010000000000000009,0.009999999999999981,0.010000000000000009,0.0,0.010000000000000009,0.009999999999999981,0.0,0.010000000000000009,0.0,0.010000000000000009,0.0,0.0,0.0,0.0,0.0,0.0,0.010000000000000009,0.010000000000000009,0.0,0.019999999999999962,0.0,0.0,0.0,0.0,0.0,0.010000000000000009,0.0,0.0,0.010000000000000009,0.010000000000000009,0.0,0.010000000000000009,0.0,0.0,0.0,0.0,0.0,0.0,0.0,0.0,0.009999999999999953,0.0,0.0,0.0,0.0,0.0,0.0,0.0,0.0,0.0,0.0,0.0,0.0,0.0,0.0,0.0,0.010000000000000009,0.0,0.010000000000000009,0.0,0.0,0.0,0.0,0.0,0.0,0.010000000000000009,0.0,0.0,0.0,0.0,0.0,0.0,0.0,0.0,0.0,0.0,0.0,0.0,0.0,0.0
166,0.0,0.0,0.03,0.010000000000000002,0.030000000000000006,0.0,0.0,0.0,0.0,0.009999999999999995,0.020000000000000004,0.0,0.0,0.0,0.0,0.0,0.0,0.0,0.0,0.0,0.009999999999999995,0.0,0.009999999999999995,0.010000000000000009,0.010000000000000009,0.009999999999999981,0.0,0.010000000000000009,0.0,0.0,0.0,0.0,0.0,0.010000000000000009,0.009999999999999981,0.0,0.0,0.0,0.010000000000000009,0.010000000000000009,0.0,0.0,0.0,0.009999999999999981,0.0,0.0,0.020000000000000018,0.0,0.009999999999999981,0.0,0.0,0.0,0.010000000000000009,0.010000000000000009,0.0,0.0,0.0,0.010000000000000009,0.0,0.0,0.0,0.010000000000000009,0.0,0.0,0.0,0.0,0.0,0.0,0.0,0.009999999999999953,0.0,0.0,0.0,0.0,0.010000000000000009,0.0,0.0,0.0,0.0,0.0,0.0,0.0,0.0,0.0,0.0,0.0,0.0,0.010000000000000009,0.0,0.020000000000000018,0.0,0.019999999999999962,0.0,0.0,0.0,0.0,0.0,0.0,0.0,0.0
167,0.0,0.02,0.02,0.019999999999999997,0.020000000000000004,0.009999999999999995,0.020000000000000004,0.0,0.0,0.009999999999999995,0.0,0.010000000000000009,0.01999999999999999,0.0,0.0,0.0,0.0,0.0,0.0,0.010000000000000009,0.0,0.01999999999999999,0.0,0.0,0.010000000000000009,0.0,0.0,0.0,0.0,0.0,0.01999999999999999,0.0,0.0,0.0,0.010000000000000009,0.0,0.01999999999999999,0.0,0.0,0.0,0.0,0.010000000000000009,0.0,0.0,0.0,0.0,0.0,0.010000000000000009,0.0,0.0,0.010000000000000009,0.0,0.0,0.010000000000000009,0.0,0.0,0.0,0.0,0.009999999999999953,0.0,0.0,0.0,0.0,0.0,0.0,0.0,0.0,0.0,0.0,0.0,0.0,0.0,0.0,0.0,0.0,0.010000000000000009,0.0,0.0,0.0,0.0,0.0,0.0,0.0,0.0,0.0,0.0,0.010000000000000009,0.0,0.0,0.0,0.0,0.0,0.0,0.0,0.0,0.0,0.0,0.0,0.0,0.0
168,0.0,0.0,0.03,0.06,0.06,0.010000000000000009,0.01999999999999999,0.04000000000000001,0.01999999999999999,0.010000000000000009,0.0,0.010000000000000009,0.0,0.010000000000000009,0.010000000000000009,0.0,0.0,0.009999999999999953,0.0,0.0,0.0,0.0,0.010000000000000009,0.0,0.010000000000000009,0.0,0.0,0.010000000000000009,0.0,0.0,0.010000000000000009,0.0,0.0,0.019999999999999962,0.020000000000000018,0.0,0.0,0.0,0.030000000000000027,0.0,0.009999999999999953,0.0,0.0,0.0,0.0,0.0,0.0,0.0,0.0,0.0,0.010000000000000009,0.0,0.020000000000000018,0.0,0.0,0.0,0.0,0.0,0.0,0.0,0.0,0.0,0.0,0.0,0.0,0.0,0.0,0.0,0.0,0.0,0.0,0.0,0.0,0.0,0.0,0.0,0.0,0.0,0.0,0.0,0.0,0.0,0.0,0.0,0.0,0.0,0.0,0.0,0.0,0.0,0.0,0.0,0.0,0.010000000000000009,0.0,0.0,0.0,0.0,0.0,0.0
169,0.0,0.02,0.09,0.06000000000000001,0.06999999999999998,0.04999999999999999,0.050000000000000044,0.04999999999999999,0.0,0.0,0.019999999999999962,0.010000000000000009,0.010000000000000009,0.010000000000000009,0.010000000000000009,0.010000000000000009,0.009999999999999953,0.010000000000000009,0.010000000000000009,0.0,0.010000000000000009,0.010000000000000009,0.0,0.0,0.0,0.0,0.0,0.0,0.0,0.0,0.0,0.010000000000000009,0.0,0.0,0.0,0.0,0.0,0.010000000000000009,0.0,0.020000000000000018,0.0,0.0,0.0,0.0,0.0,0.0,0.010000000000000009,0.0,0.009999999999999898,0.0,0.010000000000000009,0.0,0.0,0.0,0.0,0.0,0.0,0.0,0.010000000000000009,0.010000000000000009,0.0,0.0,0.0,0.0,0.0,0.0,0.010000000000000009,0.0,0.0,0.0,0.0,0.0,0.0,0.0,0.0,0.0,0.0,0.0,0.0,0.0,0.0,0.0,0.0,0.0,0.0,0.0,0.0,0.0,0.0,0.0,0.0,0.0,0.0,0.0,0.0,0.0,0.0,0.0,0.0,0.0
170,0.0,0.0,0.03,0.04000000000000001,0.03,0.01999999999999999,0.010000000000000009,0.0,0.0,0.010000000000000009,0.009999999999999981,0.0,0.0,0.010000000000000009,0.0,0.0,0.010000000000000009,0.0,0.0,0.0,0.01999999999999999,0.0,0.010000000000000009,0.009999999999999981,0.0,0.0,0.0,0.0,0.0,0.0,0.0,0.0,0.0,0.010000000000000009,0.010000000000000009,0.0,0.0,0.0,0.0,0.0,0.0,0.009999999999999981,0.0,0.0,0.0,0.0,0.0,0.0,0.0,0.0,0.0,0.0,0.0,0.0,0.0,0.0,0.0,0.0,0.0,0.0,0.0,0.0,0.0,0.0,0.0,0.0,0.0,0.0,0.0,0.0,0.0,0.0,0.0,0.0,0.0,0.010000000000000009,0.0,0.0,0.0,0.0,0.0,0.0,0.0,0.0,0.0,0.0,0.0,0.0,0.0,0.0,0.0,0.0,0.0,0.0,0.010000000000000009,0.0,0.0,0.0,0.0,0.0
171,0.0,0.02,0.11,0.04999999999999999,0.12,0.010000000000000009,0.020000000000000018,0.0,0.02999999999999997,0.0,0.010000000000000009,0.0,0.010000000000000009,0.0,0.010000000000000009,0.0,0.010000000000000009,0.0,0.019999999999999962,0.0,0.0,0.0,0.010000000000000009,0.0,0.0,0.0,0.0,0.0,0.0,0.0,0.010000000000000009,0.010000000000000009,0.0,0.0,0.0,0.010000000000000009,0.009999999999999953,0.0,0.0,0.010000000000000009,0.0,0.010000000000000009,0.0,0.0,0.0,0.0,0.0,0.0,0.0,0.0,0.0,0.0,0.0,0.0,0.0,0.0,0.0,0.0,0.0,0.0,0.0,0.0,0.0,0.0,0.0,0.0,0.0,0.0,0.020000000000000018,0.0,0.0,0.0,0.0,0.0,0.0,0.0,0.010000000000000009,0.0,0.0,0.0,0.0,0.0,0.0,0.0,0.0,0.0,0.0,0.0,0.0,0.0,0.0,0.0,0.0,0.0,0.0,0.0,0.0,0.0,0.0,0.0
172,0.0,0.01,0.04,0.009999999999999995,0.020000000000000004,0.039999999999999994,0.010000000000000009,0.01999999999999999,0.020000000000000018,0.0,0.03,0.0,0.0,0.009999999999999981,0.0,0.0,0.020000000000000018,0.009999999999999981,0.0,0.010000000000000009,0.020000000000000018,0.0,0.0,0.0,0.0,0.0,0.010000000000000009,0.009999999999999953,0.0,0.010000000000000009,0.0,0.020000000000000018,0.0,0.0,0.0,0.0,0.0,0.0,0.010000000000000009,0.010000000000000009,0.009999999999999953,0.0,0.0,0.0,0.010000000000000009,0.0,0.0,0.010000000000000009,0.010000000000000009,0.010000000000000009,0.0,0.0,0.0,0.0,0.0,0.0,0.0,0.0,0.010000000000000009,0.009999999999999953,0.0,0.0,0.0,0.0,0.0,0.010000000000000009,0.0,0.0,0.0,0.0,0.0,0.0,0.010000000000000009,0.0,0.0,0.0,0.0,0.0,0.0,0.0,0.0,0.0,0.0,0.010000000000000009,0.0,0.0,0.0,0.0,0.0,0.0,0.0,0.0,0.0,0.0,0.0,0.0,0.0,0.0,0.0,0.0
173,0.0,0.02,0.13,0.1,0.09000000000000002,0.009999999999999953,0.020000000000000018,0.0,0.03999999999999998,0.0,0.010000000000000009,0.0,0.0,0.0,0.010000000000000009,0.0,0.020000000000000018,0.0,0.0,0.0,0.0,0.0,0.0,0.0,0.0,0.0,0.0,0.0,0.0,0.010000000000000009,0.0,0.0,0.0,0.0,0.0,0.0,0.0,0.0,0.0,0.0,0.0,0.009999999999999953,0.010000000000000009,0.0,0.0,0.010000000000000009,0.0,0.010000000000000009,0.0,0.0,0.010000000000000009,0.0,0.0,0.0,0.0,0.0,0.0,0.0,0.010000000000000009,0.010000000000000009,0.0,0.0,0.0,0.0,0.0,0.0,0.0,0.0,0.0,0.0,0.0,0.0,0.0,0.0,0.010000000000000009,0.0,0.0,0.0,0.0,0.0,0.0,0.0,0.0,0.0,0.0,0.0,0.0,0.0,0.0,0.0,0.0,0.0,0.0,0.0,0.0,0.0,0.0,0.0,0.0,0.0
174,0.0,0.01,0.18,0.07,0.06,0.03999999999999998,0.04999999999999999,0.050000000000000044,0.019999999999999962,0.030000000000000027,0.010000000000000009,0.010000000000000009,0.010000000000000009,0.010000000000000009,0.0,0.019999999999999907,0.0,0.0,0.010000000000000009,0.010000000000000009,0.010000000000000009,0.010000000000000009,0.010000000000000009,0.0,0.0,0.0,0.010000000000000009,0.0,0.010000000000000009,0.0,0.0,0.0,0.010000000000000009,0.020000000000000018,0.0,0.0,0.0,0.0,0.0,0.010000000000000009,0.0,0.0,0.0,0.0,0.0,0.0,0.0,0.009999999999999898,0.0,0.0,0.0,0.0,0.0,0.0,0.0,0.0,0.0,0.0,0.0,0.0,0.0,0.0,0.0,0.0,0.0,0.0,0.010000000000000009,0.0,0.0,0.0,0.0,0.0,0.0,0.010000000000000009,0.0,0.0,0.0,0.0,0.010000000000000009,0.0,0.0,0.0,0.0,0.0,0.0,0.0,0.010000000000000009,0.0,0.0,0.0,0.0,0.010000000000000009,0.010000000000000009,0.0,0.0,0.0,0.0,0.0,0.0,0.010000000000000009
175,0.0,0.01,0.019999999999999997,0.020000000000000004,0.039999999999999994,0.010000000000000009,0.009999999999999995,0.039999999999999994,0.04000000000000001,0.010000000000000009,0.0,0.03,0.0,0.0,0.0,0.009999999999999981,0.0,0.010000000000000009,0.0,0.0,0.020000000000000018,0.0,0.0,0.010000000000000009,0.0,0.0,0.0,0.009999999999999953,0.0,0.020000000000000018,0.0,0.020000000000000018,0.0,0.0,0.010000000000000009,0.0,0.0,0.0,0.0,0.009999999999999953,0.0,0.020000000000000018,0.010000000000000009,0.010000000000000009,0.0,0.010000000000000009,0.0,0.0,0.019999999999999962,0.0,0.0,0.0,0.0,0.0,0.010000000000000009,0.010000000000000009,0.0,0.0,0.0,0.0,0.0,0.0,0.010000000000000009,0.010000000000000009,0.0,0.009999999999999953,0.0,0.010000000000000009,0.0,0.0,0.0,0.0,0.010000000000000009,0.010000000000000009,0.0,0.0,0.010000000000000009,0.0,0.010000000000000009,0.0,0.0,0.0,0.0,0.0,0.010000000000000009,0.0,0.0,0.0,0.0,0.0,0.0,0.0,0.0,0.0,0.0,0.0,0.0,0.0,0.0,0.0
176,0.0,0.0,0.08,0.08,0.04000000000000001,0.03999999999999998,0.06,0.030000000000000027,0.03999999999999998,0.010000000000000009,0.010000000000000009,0.010000000000000009,0.03999999999999998,0.010000000000000009,0.0,0.010000000000000009,0.0,0.02999999999999997,0.0,0.010000000000000009,0.020000000000000018,0.0,0.020000000000000018,0.020000000000000018,0.0,0.009999999999999898,0.010000000000000009,0.010000000000000009,0.0,0.010000000000000009,0.0,0.0,0.0,0.010000000000000009,0.0,0.0,0.0,0.010000000000000009,0.0,0.0,0.0,0.0,0.0,0.0,0.0,0.0,0.0,0.0,0.0,0.0,0.0,0.0,0.0,0.010000000000000009,0.0,0.010000000000000009,0.0,0.020000000000000018,0.0,0.0,0.0,0.0,0.0,0.0,0.0,0.0,0.010000000000000009,0.0,0.0,0.0,0.0,0.0,0.0,0.0,0.010000000000000009,0.0,0.0,0.0,0.0,0.0,0.0,0.009999999999999898,0.0,0.0,0.0,0.0,0.0,0.0,0.0,0.0,0.0,0.0,0.0,0.0,0.0,0.0,0.0,0.0,0.0,0.0
177,0.0,0.03,0.11000000000000001,0.04999999999999999,0.03,0.01999999999999999,0.010000000000000009,0.030000000000000027,0.0,0.0,0.0,0.009999999999999953,0.010000000000000009,0.0,0.0,0.0,0.020000000000000018,0.010000000000000009,0.03999999999999998,0.010000000000000009,0.0,0.010000000000000009,0.0,0.010000000000000009,0.0,0.0,0.03999999999999998,0.0,0.0,0.0,0.0,0.0,0.0,0.0,0.0,0.0,0.0,0.0,0.0,0.0,0.0,0.0,0.010000000000000009,0.0,0.0,0.0,0.0,0.0,0.0,0.0,0.0,0.0,0.0,0.0,0.0,0.0,0.0,0.010000000000000009,0.0,0.0,0.0,0.009999999999999953,0.0,0.0,0.0,0.0,0.0,0.0,0.0,0.0,0.0,0.0,0.0,0.0,0.0,0.0,0.0,0.0,0.0,0.0,0.0,0.0,0.0,0.0,0.0,0.0,0.0,0.0,0.010000000000000009,0.0,0.0,0.0,0.0,0.0,0.0,0.0,0.0,0.0,0.0,0.0
178,0.0,0.0,0.08,0.09000000000000001,0.06999999999999998,0.010000000000000009,0.030000000000000027,0.019999999999999962,0.04999999999999999,0.010000000000000009,0.04999999999999999,0.030000000000000027,0.010000000000000009,0.0,0.010000000000000009,0.02999999999999997,0.010000000000000009,0.0,0.010000000000000009,0.0,0.0,0.040000000000000036,0.0,0.0,0.0,0.010000000000000009,0.009999999999999898,0.010000000000000009,0.0,0.020000000000000018,0.010000000000000009,0.010000000000000009,0.010000000000000009,0.010000000000000009,0.0,0.0,0.0,0.0,0.0,0.0,0.0,0.010000000000000009,0.0,0.0,0.020000000000000018,0.0,0.0,0.010000000000000009,0.0,0.0,0.0,0.0,0.0,0.0,0.0,0.0,0.009999999999999898,0.0,0.0,0.030000000000000027,0.0,0.010000000000000009,0.0,0.0,0.0,0.0,0.0,0.0,0.0,0.0,0.0,0.0,0.0,0.0,0.0,0.0,0.010000000000000009,0.0,0.0,0.0,0.0,0.0,0.010000000000000009,0.0,0.0,0.0,0.0,0.0,0.010000000000000009,0.0,0.0,0.0,0.0,0.0,0.0,0.0,0.0,0.010000000000000009,0.0,0.0
179,0.0,0.01,0.1,0.06999999999999999,0.04000000000000001,0.03,0.0,0.010000000000000009,0.010000000000000009,0.010000000000000009,0.009999999999999953,0.0,0.0,0.010000000000000009,0.0,0.010000000000000009,0.010000000000000009,0.0,0.0,0.0,0.0,0.0,0.0,0.020000000000000018,0.0,0.0,0.0,0.0,0.009999999999999953,0.0,0.0,0.0,0.0,0.020000000000000018,0.0,0.0,0.0,0.0,0.0,0.010000000000000009,0.0,0.0,0.0,0.0,0.0,0.0,0.0,0.0,0.0,0.0,0.0,0.0,0.0,0.0,0.0,0.0,0.0,0.0,0.0,0.0,0.0,0.0,0.0,0.0,0.0,0.0,0.0,0.0,0.010000000000000009,0.010000000000000009,0.0,0.0,0.0,0.0,0.0,0.0,0.0,0.0,0.0,0.009999999999999953,0.0,0.0,0.0,0.0,0.0,0.0,0.0,0.0,0.0,0.0,0.0,0.0,0.0,0.0,0.0,0.0,0.0,0.0,0.0,0.0
180,0.0,0.05,0.06,0.039999999999999994,0.03,0.010000000000000009,0.01999999999999999,0.0,0.020000000000000018,0.0,0.009999999999999981,0.010000000000000009,0.010000000000000009,0.0,0.0,0.0,0.010000000000000009,0.0,0.0,0.0,0.010000000000000009,0.0,0.0,0.009999999999999953,0.0,0.020000000000000018,0.020000000000000018,0.0,0.0,0.010000000000000009,0.009999999999999953,0.010000000000000009,0.0,0.0,0.0,0.010000000000000009,0.0,0.0,0.0,0.0,0.0,0.0,0.0,0.0,0.0,0.0,0.0,0.0,0.0,0.0,0.0,0.0,0.0,0.0,0.0,0.0,0.0,0.0,0.0,0.0,0.0,0.0,0.0,0.0,0.0,0.0,0.0,0.0,0.0,0.0,0.0,0.0,0.0,0.0,0.0,0.0,0.0,0.0,0.0,0.0,0.0,0.0,0.0,0.0,0.0,0.0,0.0,0.0,0.0,0.0,0.0,0.0,0.0,0.0,0.010000000000000009,0.0,0.0,0.0,0.0,0.0
181,0.0,0.04,0.1,0.06,0.0,0.009999999999999981,0.0,0.010000000000000009,0.0,0.010000000000000009,0.0,0.0,0.0,0.009999999999999981,0.010000000000000009,0.010000000000000009,0.0,0.0,0.0,0.0,0.010000000000000009,0.0,0.010000000000000009,0.0,0.0,0.0,0.0,0.0,0.0,0.0,0.0,0.0,0.0,0.0,0.0,0.0,0.0,0.009999999999999953,0.0,0.0,0.0,0.0,0.0,0.0,0.0,0.0,0.0,0.010000000000000009,0.010000000000000009,0.0,0.0,0.0,0.0,0.0,0.0,0.0,0.0,0.0,0.0,0.0,0.0,0.0,0.0,0.0,0.0,0.0,0.0,0.0,0.0,0.0,0.0,0.0,0.0,0.010000000000000009,0.0,0.0,0.0,0.0,0.0,0.0,0.0,0.0,0.0,0.0,0.0,0.0,0.0,0.0,0.0,0.0,0.0,0.010000000000000009,0.0,0.0,0.0,0.0,0.0,0.0,0.0,0.0
182,0.0,0.06,0.24,0.04999999999999999,0.050000000000000044,0.0,0.009999999999999953,0.010000000000000009,0.010000000000000009,0.020000000000000018,0.010000000000000009,0.0,0.0,0.0,0.009999999999999953,0.0,0.010000000000000009,0.0,0.0,0.0,0.010000000000000009,0.010000000000000009,0.0,0.0,0.0,0.0,0.0,0.0,0.010000000000000009,0.0,0.0,0.0,0.0,0.0,0.0,0.0,0.0,0.0,0.0,0.0,0.0,0.010000000000000009,0.0,0.0,0.0,0.0,0.0,0.0,0.010000000000000009,0.0,0.010000000000000009,0.010000000000000009,0.0,0.0,0.010000000000000009,0.0,0.009999999999999898,0.0,0.0,0.0,0.0,0.0,0.0,0.0,0.0,0.0,0.0,0.0,0.0,0.0,0.0,0.0,0.0,0.0,0.0,0.0,0.0,0.0,0.0,0.0,0.0,0.0,0.0,0.0,0.0,0.0,0.0,0.0,0.0,0.0,0.0,0.0,0.0,0.0,0.0,0.0,0.0,0.0,0.0,0.0
183,0.0,0.0,0.08,0.08,0.04000000000000001,0.06,0.020000000000000018,0.03999999999999998,0.020000000000000018,0.009999999999999953,0.020000000000000018,0.010000000000000009,0.0,0.010000000000000009,0.03999999999999998,0.010000000000000009,0.010000000000000009,0.0,0.010000000000000009,0.009999999999999953,0.0,0.010000000000000009,0.020000000000000018,0.0,0.010000000000000009,0.0,0.010000000000000009,0.0,0.0,0.0,0.0,0.010000000000000009,0.0,0.010000000000000009,0.010000000000000009,0.0,0.0,0.0,0.0,0.0,0.0,0.0,0.0,0.0,0.010000000000000009,0.0,0.0,0.0,0.0,0.0,0.0,0.0,0.0,0.0,0.0,0.0,0.0,0.0,0.009999999999999898,0.0,0.0,0.0,0.0,0.0,0.0,0.0,0.0,0.0,0.0,0.0,0.0,0.0,0.0,0.0,0.0,0.0,0.0,0.0,0.0,0.0,0.0,0.0,0.0,0.0,0.0,0.0,0.0,0.010000000000000009,0.0,0.0,0.0,0.0,0.0,0.0,0.0,0.0,0.0,0.0,0.0,0.0
184,0.0,0.0,0.05,0.06,0.08,0.04000000000000001,0.03,0.010000000000000009,0.019999999999999962,0.0,0.0,0.0,0.030000000000000027,0.010000000000000009,0.010000000000000009,0.0,0.0,0.0,0.0,0.0,0.019999999999999962,0.0,0.0,0.0,0.0,0.010000000000000009,0.0,0.0,0.0,0.0,0.0,0.010000000000000009,0.0,0.0,0.010000000000000009,0.0,0.019999999999999962,0.0,0.0,0.0,0.0,0.0,0.0,0.0,0.010000000000000009,0.0,0.0,0.0,0.010000000000000009,0.0,0.0,0.0,0.0,0.0,0.0,0.010000000000000009,0.0,0.0,0.0,0.0,0.0,0.0,0.0,0.0,0.0,0.0,0.0,0.0,0.0,0.0,0.0,0.0,0.0,0.0,0.010000000000000009,0.0,0.0,0.0,0.0,0.0,0.0,0.010000000000000009,0.0,0.0,0.0,0.0,0.0,0.0,0.0,0.0,0.0,0.0,0.0,0.0,0.0,0.0,0.0,0.0,0.0,0.0
185,0.0,0.0,0.1,0.07,0.009999999999999981,0.020000000000000018,0.0,0.04999999999999999,0.010000000000000009,0.020000000000000018,0.0,0.019999999999999962,0.020000000000000018,0.010000000000000009,0.0,0.010000000000000009,0.009999999999999953,0.010000000000000009,0.020000000000000018,0.0,0.0,0.010000000000000009,0.010000000000000009,0.0,0.019999999999999962,0.0,0.020000000000000018,0.0,0.0,0.0,0.0,0.0,0.0,0.0,0.0,0.020000000000000018,0.0,0.0,0.0,0.0,0.009999999999999953,0.0,0.010000000000000009,0.040000000000000036,0.010000000000000009,0.010000000000000009,0.0,0.0,0.020000000000000018,0.0,0.0,0.0,0.009999999999999898,0.010000000000000009,0.010000000000000009,0.0,0.0,0.010000000000000009,0.0,0.0,0.010000000000000009,0.0,0.0,0.0,0.0,0.010000000000000009,0.0,0.0,0.0,0.0,0.0,0.0,0.0,0.0,0.0,0.0,0.0,0.0,0.0,0.0,0.010000000000000009,0.010000000000000009,0.0,0.0,0.0,0.0,0.0,0.0,0.0,0.0,0.0,0.0,0.0,0.0,0.0,0.010000000000000009,0.0,0.0,0.0,0.0
186,0.0,0.01,0.12000000000000001,0.10999999999999999,0.06,0.020000000000000018,0.020000000000000018,0.0,0.0,0.0,0.009999999999999953,0.0,0.020000000000000018,0.010000000000000009,0.010000000000000009,0.0,0.0,0.0,0.0,0.0,0.0,0.0,0.0,0.019999999999999962,0.0,0.0,0.0,0.0,0.0,0.0,0.0,0.0,0.0,0.0,0.0,0.0,0.0,0.0,0.010000000000000009,0.0,0.0,0.010000000000000009,0.010000000000000009,0.010000000000000009,0.0,0.0,0.0,0.019999999999999962,0.0,0.0,0.0,0.0,0.0,0.0,0.0,0.0,0.0,0.0,0.0,0.0,0.0,0.0,0.010000000000000009,0.0,0.0,0.0,0.0,0.0,0.0,0.0,0.0,0.0,0.0,0.0,0.010000000000000009,0.0,0.0,0.0,0.0,0.0,0.0,0.0,0.0,0.0,0.0,0.0,0.010000000000000009,0.0,0.0,0.0,0.0,0.0,0.0,0.0,0.0,0.0,0.0,0.0,0.0,0.0
187,0.0,0.0,0.05,0.020000000000000004,0.009999999999999995,0.039999999999999994,0.020000000000000018,0.0,0.009999999999999981,0.010000000000000009,0.010000000000000009,0.0,0.03999999999999998,0.020000000000000018,0.009999999999999981,0.0,0.030000000000000027,0.0,0.0,0.010000000000000009,0.019999999999999962,0.010000000000000009,0.010000000000000009,0.0,0.0,0.0,0.010000000000000009,0.0,0.0,0.0,0.019999999999999962,0.0,0.0,0.0,0.0,0.0,0.0,0.020000000000000018,0.0,0.0,0.010000000000000009,0.010000000000000009,0.010000000000000009,0.009999999999999953,0.0,0.0,0.0,0.010000000000000009,0.0,0.0,0.0,0.0,0.010000000000000009,0.0,0.010000000000000009,0.0,0.0,0.0,0.0,0.010000000000000009,0.010000000000000009,0.0,0.0,0.0,0.009999999999999953,0.0,0.0,0.0,0.0,0.0,0.0,0.0,0.0,0.0,0.010000000000000009,0.0,0.0,0.0,0.0,0.0,0.0,0.0,0.0,0.0,0.0,0.0,0.0,0.0,0.0,0.0,0.0,0.0,0.0,0.0,0.0,0.010000000000000009,0.0,0.0,0.0,0.0
188,0.0,0.03,0.13,0.16,0.07,0.019999999999999962,0.050000000000000044,0.0,0.019999999999999962,0.010000000000000009,0.020000000000000018,0.010000000000000009,0.0,0.010000000000000009,0.010000000000000009,0.010000000000000009,0.0,0.0,0.0,0.0,0.0,0.0,0.010000000000000009,0.0,0.0,0.0,0.0,0.0,0.0,0.0,0.0,0.0,0.009999999999999898,0.0,0.0,0.010000000000000009,0.0,0.0,0.0,0.0,0.0,0.0,0.0,0.0,0.0,0.0,0.0,0.0,0.0,0.0,0.0,0.0,0.010000000000000009,0.0,0.0,0.0,0.010000000000000009,0.0,0.0,0.0,0.0,0.0,0.0,0.0,0.0,0.0,0.0,0.0,0.0,0.0,0.0,0.0,0.010000000000000009,0.0,0.0,0.0,0.0,0.0,0.0,0.0,0.0,0.0,0.0,0.0,0.0,0.0,0.0,0.0,0.0,0.0,0.0,0.0,0.0,0.0,0.0,0.0,0.0,0.0,0.0,0.0
189,0.0,0.02,0.030000000000000002,0.039999999999999994,0.05000000000000002,0.03,0.01999999999999999,0.0,0.010000000000000009,0.009999999999999981,0.0,0.010000000000000009,0.010000000000000009,0.0,0.009999999999999981,0.0,0.0,0.0,0.0,0.010000000000000009,0.0,0.0,0.010000000000000009,0.0,0.0,0.010000000000000009,0.010000000000000009,0.0,0.009999999999999953,0.0,0.0,0.0,0.010000000000000009,0.0,0.0,0.010000000000000009,0.0,0.010000000000000009,0.0,0.0,0.020000000000000018,0.0,0.0,0.0,0.0,0.0,0.0,0.009999999999999953,0.010000000000000009,0.0,0.0,0.010000000000000009,0.0,0.0,0.0,0.0,0.0,0.0,0.0,0.0,0.010000000000000009,0.0,0.0,0.0,0.0,0.0,0.0,0.0,0.0,0.0,0.0,0.0,0.0,0.0,0.0,0.0,0.0,0.0,0.0,0.0,0.0,0.0,0.0,0.0,0.0,0.020000000000000018,0.0,0.0,0.0,0.0,0.0,0.0,0.0,0.0,0.0,0.0,0.0,0.0,0.0,0.0
190,0.0,0.01,0.07,0.039999999999999994,0.020000000000000018,0.009999999999999981,0.010000000000000009,0.01999999999999999,0.0,0.0,0.010000000000000009,0.03,0.0,0.0,0.0,0.0,0.0,0.0,0.0,0.0,0.0,0.0,0.0,0.0,0.010000000000000009,0.0,0.0,0.0,0.0,0.0,0.01999999999999999,0.0,0.0,0.0,0.0,0.0,0.0,0.0,0.0,0.0,0.0,0.0,0.0,0.0,0.0,0.0,0.0,0.0,0.010000000000000009,0.0,0.010000000000000009,0.0,0.0,0.0,0.010000000000000009,0.0,0.0,0.0,0.0,0.0,0.009999999999999953,0.0,0.0,0.0,0.0,0.0,0.0,0.0,0.0,0.0,0.0,0.0,0.0,0.010000000000000009,0.0,0.0,0.0,0.0,0.0,0.0,0.0,0.0,0.0,0.0,0.0,0.0,0.010000000000000009,0.0,0.0,0.0,0.0,0.0,0.0,0.0,0.0,0.0,0.0,0.0,0.0,0.0
191,0.0,0.01,0.13,0.06,0.03999999999999998,0.020000000000000018,0.010000000000000009,0.010000000000000009,0.009999999999999953,0.010000000000000009,0.030000000000000027,0.0,0.010000000000000009,0.0,0.0,0.0,0.019999999999999962,0.010000000000000009,0.0,0.0,0.0,0.0,0.0,0.0,0.0,0.010000000000000009,0.0,0.010000000000000009,0.0,0.0,0.0,0.0,0.0,0.0,0.0,0.0,0.0,0.0,0.0,0.010000000000000009,0.0,0.0,0.0,0.0,0.0,0.0,0.0,0.0,0.0,0.0,0.0,0.0,0.0,0.0,0.0,0.0,0.0,0.0,0.0,0.0,0.009999999999999953,0.0,0.0,0.0,0.0,0.0,0.0,0.010000000000000009,0.0,0.0,0.0,0.010000000000000009,0.0,0.0,0.0,0.0,0.0,0.0,0.0,0.0,0.0,0.0,0.0,0.0,0.0,0.0,0.0,0.0,0.0,0.0,0.0,0.0,0.0,0.0,0.0,0.0,0.0,0.0,0.010000000000000009,0.0
192,0.0,0.0,0.02,0.009999999999999998,0.0,0.0,0.0,0.010000000000000002,0.0,0.019999999999999997,0.010000000000000009,0.009999999999999995,0.0,0.0,0.0,0.0,0.0,0.0,0.0,0.0,0.0,0.0,0.0,0.0,0.009999999999999995,0.010000000000000009,0.009999999999999995,0.009999999999999995,0.0,0.010000000000000009,0.0,0.010000000000000009,0.0,0.0,0.0,0.0,0.0,0.009999999999999981,0.0,0.0,0.0,0.010000000000000009,0.0,0.0,0.0,0.0,0.0,0.0,0.0,0.0,0.0,0.0,0.0,0.0,0.0,0.0,0.0,0.0,0.0,0.0,0.0,0.0,0.0,0.0,0.0,0.0,0.0,0.0,0.0,0.0,0.0,0.0,0.0,0.0,0.0,0.0,0.0,0.0,0.0,0.0,0.0,0.0,0.0,0.010000000000000009,0.0,0.0,0.0,0.0,0.0,0.0,0.0,0.0,0.0,0.0,0.0,0.0,0.0,0.0,0.0,0.0
193,0.0,0.03,0.15,0.13,0.010000000000000009,0.02999999999999997,0.010000000000000009,0.010000000000000009,0.020000000000000018,0.010000000000000009,0.009999999999999953,0.010000000000000009,0.0,0.010000000000000009,0.0,0.0,0.030000000000000027,0.0,0.0,0.019999999999999962,0.010000000000000009,0.0,0.010000000000000009,0.0,0.0,0.0,0.0,0.010000000000000009,0.0,0.0,0.0,0.0,0.0,0.0,0.0,0.020000000000000018,0.0,0.010000000000000009,0.0,0.0,0.0,0.010000000000000009,0.0,0.0,0.0,0.010000000000000009,0.0,0.0,0.0,0.009999999999999898,0.0,0.010000000000000009,0.0,0.0,0.010000000000000009,0.0,0.0,0.0,0.0,0.0,0.010000000000000009,0.0,0.0,0.0,0.010000000000000009,0.0,0.0,0.0,0.0,0.0,0.0,0.0,0.0,0.0,0.010000000000000009,0.0,0.010000000000000009,0.0,0.0,0.0,0.0,0.0,0.0,0.0,0.0,0.0,0.0,0.0,0.0,0.0,0.0,0.0,0.0,0.0,0.0,0.0,0.0,0.0,0.0,0.010000000000000009
194,0.0,0.01,0.18,0.06,0.04999999999999999,0.010000000000000009,0.020000000000000018,0.0,0.019999999999999962,0.020000000000000018,0.03999999999999998,0.0,0.010000000000000009,0.010000000000000009,0.0,0.0,0.0,0.0,0.0,0.0,0.0,0.010000000000000009,0.010000000000000009,0.0,0.0,0.019999999999999962,0.010000000000000009,0.0,0.0,0.0,0.0,0.0,0.0,0.0,0.0,0.010000000000000009,0.010000000000000009,0.0,0.0,0.0,0.0,0.0,0.010000000000000009,0.010000000000000009,0.010000000000000009,0.0,0.0,0.0,0.0,0.0,0.0,0.0,0.0,0.0,0.0,0.0,0.0,0.010000000000000009,0.0,0.0,0.0,0.010000000000000009,0.0,0.0,0.0,0.0,0.0,0.0,0.0,0.0,0.0,0.0,0.0,0.0,0.0,0.0,0.0,0.0,0.0,0.0,0.0,0.0,0.0,0.0,0.0,0.0,0.0,0.0,0.0,0.0,0.0,0.0,0.0,0.0,0.0,0.0,0.0,0.0,0.0,0.0
195,0.0,0.01,0.049999999999999996,0.09,0.06,0.020000000000000018,0.01999999999999999,0.010000000000000009,0.020000000000000018,0.009999999999999953,0.0,0.010000000000000009,0.010000000000000009,0.030000000000000027,0.009999999999999953,0.020000000000000018,0.010000000000000009,0.0,0.010000000000000009,0.0,0.010000000000000009,0.0,0.009999999999999953,0.0,0.020000000000000018,0.0,0.010000000000000009,0.0,0.020000000000000018,0.009999999999999953,0.020000000000000018,0.0,0.030000000000000027,0.0,0.030000000000000027,0.0,0.010000000000000009,0.009999999999999898,0.0,0.0,0.0,0.0,0.0,0.0,0.0,0.0,0.010000000000000009,0.010000000000000009,0.0,0.0,0.0,0.0,0.0,0.0,0.0,0.0,0.010000000000000009,0.010000000000000009,0.010000000000000009,0.0,0.0,0.0,0.010000000000000009,0.0,0.0,0.0,0.0,0.0,0.010000000000000009,0.0,0.010000000000000009,0.0,0.0,0.010000000000000009,0.0,0.0,0.0,0.010000000000000009,0.010000000000000009,0.0,0.0,0.009999999999999898,0.0,0.0,0.0,0.0,0.0,0.0,0.0,0.0,0.0,0.0,0.0,0.0,0.0,0.0,0.0,0.0,0.0,0.0
196,0.0,0.02,0.06,0.08,0.06,0.01999999999999999,0.030000000000000027,0.010000000000000009,0.0,0.04999999999999999,0.0,0.0,0.019999999999999962,0.0,0.0,0.0,0.0,0.010000000000000009,0.0,0.010000000000000009,0.010000000000000009,0.0,0.010000000000000009,0.010000000000000009,0.0,0.019999999999999962,0.0,0.010000000000000009,0.010000000000000009,0.0,0.010000000000000009,0.010000000000000009,0.0,0.0,0.0,0.0,0.0,0.0,0.0,0.009999999999999953,0.0,0.0,0.0,0.0,0.0,0.0,0.0,0.0,0.0,0.0,0.0,0.0,0.0,0.0,0.0,0.0,0.010000000000000009,0.0,0.0,0.0,0.0,0.0,0.0,0.010000000000000009,0.0,0.0,0.0,0.020000000000000018,0.010000000000000009,0.0,0.0,0.0,0.0,0.0,0.0,0.0,0.0,0.0,0.0,0.0,0.0,0.0,0.0,0.0,0.0,0.0,0.0,0.0,0.0,0.0,0.0,0.0,0.0,0.0,0.0,0.0,0.0,0.0,0.0,0.0
197,0.0,0.02,0.030000000000000002,0.03,0.03,0.020000000000000004,0.0,0.010000000000000009,0.03,0.01999999999999999,0.010000000000000009,0.009999999999999981,0.010000000000000009,0.010000000000000009,0.0,0.009999999999999981,0.0,0.0,0.0,0.010000000000000009,0.010000000000000009,0.0,0.0,0.020000000000000018,0.0,0.019999999999999962,0.0,0.0,0.0,0.0,0.0,0.010000000000000009,0.0,0.0,0.010000000000000009,0.0,0.0,0.0,0.0,0.0,0.0,0.0,0.010000000000000009,0.010000000000000009,0.0,0.009999999999999953,0.0,0.0,0.0,0.0,0.020000000000000018,0.0,0.010000000000000009,0.0,0.0,0.0,0.0,0.0,0.0,0.0,0.0,0.0,0.0,0.0,0.0,0.0,0.0,0.010000000000000009,0.0,0.0,0.0,0.0,0.0,0.0,0.0,0.0,0.0,0.0,0.0,0.0,0.0,0.0,0.0,0.0,0.0,0.0,0.0,0.0,0.0,0.0,0.0,0.0,0.0,0.0,0.0,0.0,0.0,0.0,0.010000000000000009,0.0
198,0.0,0.01,0.11,0.04000000000000001,0.03,0.0,0.03,0.010000000000000009,0.0,0.009999999999999981,0.0,0.010000000000000009,0.010000000000000009,0.010000000000000009,0.010000000000000009,0.0,0.009999999999999953,0.0,0.0,0.0,0.0,0.0,0.0,0.0,0.0,0.0,0.0,0.010000000000000009,0.010000000000000009,0.0,0.0,0.0,0.0,0.0,0.010000000000000009,0.0,0.0,0.0,0.0,0.0,0.0,0.0,0.0,0.0,0.0,0.010000000000000009,0.010000000000000009,0.009999999999999953,0.0,0.0,0.010000000000000009,0.0,0.0,0.0,0.0,0.0,0.0,0.0,0.0,0.010000000000000009,0.010000000000000009,0.0,0.0,0.0,0.0,0.0,0.0,0.0,0.0,0.0,0.0,0.0,0.0,0.010000000000000009,0.0,0.0,0.010000000000000009,0.0,0.0,0.0,0.0,0.0,0.0,0.0,0.0,0.0,0.0,0.0,0.0,0.0,0.0,0.0,0.0,0.0,0.0,0.0,0.0,0.0,0.0,0.0
199,0.0,0.0,0.05,0.06,0.020000000000000004,0.04999999999999999,0.04000000000000001,0.03,0.020000000000000018,0.010000000000000009,0.02999999999999997,0.0,0.010000000000000009,0.020000000000000018,0.009999999999999953,0.0,0.0,0.010000000000000009,0.010000000000000009,0.010000000000000009,0.010000000000000009,0.0,0.0,0.0,0.0,0.0,0.0,0.010000000000000009,0.009999999999999953,0.0,0.0,0.0,0.0,0.0,0.0,0.020000000000000018,0.010000000000000009,0.020000000000000018,0.0,0.009999999999999953,0.0,0.010000000000000009,0.0,0.0,0.0,0.0,0.0,0.0,0.0,0.0,0.0,0.010000000000000009,0.0,0.0,0.010000000000000009,0.0,0.0,0.0,0.0,0.0,0.0,0.0,0.0,0.0,0.0,0.0,0.0,0.0,0.0,0.0,0.0,0.0,0.0,0.0,0.0,0.0,0.0,0.0,0.0,0.0,0.0,0.0,0.0,0.0,0.0,0.0,0.0,0.0,0.0,0.010000000000000009,0.0,0.010000000000000009,0.0,0.0,0.0,0.0,0.0,0.0,0.0,0.0
