id,adoption_0,adoption_1,adoption_2,adoption_3,adoption_4,adoption_5,adoption_6,adoption_7,adoption_8,adoption_9,adoption_10,adoption_11,adoption_12,adoption_13,adoption_14,adoption_15,adoption_16,adoption_17,adoption_18,adoption_19,adoption_20,adoption_21,adoption_22,adoption_23,adoption_24,adoption_25,adoption_26,adoption_27,adoption_28,adoption_29,adoption_30,adoption_31,adoption_32,adoption_33,adoption_34,adoption_35,adoption_36,adoption_37,adoption_38,adoption_39,adoption_40,adoption_41,adoption_42,adoption_43,adoption_44,adoption_45,adoption_46,adoption_47,adoption_48,adoption_49,adoption_50,adoption_51,adoption_52,adoption_53,adoption_54,adoption_55,adoption_56,adoption_57,adoption_58,adoption_59,adoption_60,adoption_61,adoption_62,adoption_63,adoption_64,adoption_65,adoption_66,adoption_67,adoption_68,adoption_69,adoption_70,adoption_71,adoption_72,adoption_73,adoption_74,adoption_75,adoption_76,adoption_77,adoption_78,adoption_79,adoption_80,adoption_81,adoption_82,adoption_83,adoption_84,adoption_85,adoption_86,adoption_87,adoption_88,adoption_89,adoption_90,adoption_91,adoption_92,adoption_93,adoption_94,adoption_95,adoption_96,adoption_97,adoption_98,adoption_99
500,0.0,0.09,0.21,0.25,0.31,0.44,0.46,0.52,0.53,0.55,0.56,0.6,0.62,0.63,0.63,0.65,0.67,0.67,0.68,0.69,0.69,0.69,0.7,0.7,0.73,0.75,0.76,0.77,0.77,0.77,0.77,0.78,0.78,0.78,0.78,0.78,0.78,0.79,0.83,0.83,0.83,0.83,0.83,0.83,0.83,0.83,0.84,0.84,0.84,0.84,0.84,0.84,0.84,0.84,0.84,0.84,0.84,0.84,0.84,0.84,0.84,0.84,0.84,0.84,0.84,0.84,0.84,0.84,0.84,0.84,0.84,0.84,0.84,0.84,0.84,0.84,0.84,0.84,0.85,0.85,0.85,0.85,0.85,0.85,0.85,0.85,0.85,0.85,0.85,0.85,0.85,0.85,0.85,0.85,0.85,0.85,0.85,0.85,0.85,0.85
501,0.0,0.03,0.14,0.31,0.41,0.55,0.59,0.64,0.66,0.66,0.68,0.69,0.7,0.72,0.73,0.74,0.75,0.76,0.76,0.76,0.78,0.78,0.78,0.78,0.79,0.8,0.82,0.82,0.82,0.82,0.83,0.83,0.83,0.83,0.83,0.83,0.83,0.83,0.83,0.84,0.84,0.84,0.84,0.84,0.84,0.85,0.85,0.85,0.85,0.85,0.85,0.85,0.85,0.85,0.85,0.85,0.85,0.85,0.85,0.85,0.85,0.85,0.85,0.85,0.85,0.85,0.85,0.85,0.85,0.85,0.85,0.85,0.85,0.85,0.85,0.85,0.85,0.85,0.85,0.85,0.85,0.85,0.85,0.85,0.85,0.85,0.85,0.85,0.85,0.85,0.85,0.85,0.85,0.85,0.85,0.85,0.85,0.85,0.85,0.85
502,0.0,0.02,0.06,0.11,0.12,0.15,0.16,0.17,0.22,0.23,0.23,0.25,0.27,0.27,0.27,0.28,0.28,0.3,0.33,0.33,0.33,0.33,0.34,0.35,0.36,0.37,0.37,0.37,0.37,0.37,0.37,0.37,0.37,0.37,0.38,0.38,0.38,0.39,0.39,0.39,0.39,0.39,0.39,0.39,0.39,0.39,0.39,0.39,0.39,0.39,0.4,0.41,0.42,0.42,0.42,0.43,0.43,0.43,0.43,0.43,0.43,0.43,0.43,0.43,0.43,0.43,0.43,0.43,0.43,0.43,0.43,0.43,0.43,0.43,0.43,0.43,0.44,0.44,0.44,0.44,0.44,0.44,0.44,0.44,0.44,0.44,0.44,0.44,0.44,0.44,0.44,0.44,0.44,0.44,0.44,0.44,0.44,0.44,0.44,0.44
503,0.0,0.09,0.23,0.31,0.31,0.32,0.37,0.41,0.41,0.42,0.43,0.46,0.47,0.48,0.48,0.49,0.5,0.51,0.51,0.53,0.53,0.53,0.54,0.55,0.56,0.56,0.56,0.56,0.56,0.58,0.58,0.58,0.59,0.59,0.59,0.59,0.6,0.6,0.6,0.6,0.6,0.6,0.6,0.6,0.6,0.6,0.6,0.6,0.6,0.6,0.6,0.6,0.6,0.6,0.6,0.6,0.6,0.61,0.61,0.61,0.61,0.61,0.61,0.61,0.62,0.62,0.62,0.62,0.62,0.62,0.62,0.63,0.64,0.64,0.64,0.64,0.64,0.64,0.65,0.65,0.65,0.65,0.65,0.65,0.65,0.66,0.66,0.66,0.66,0.66,0.66,0.66,0.66,0.66,0.66,0.66,0.66,0.66,0.66,0.66
504,0.0,0.05,0.25,0.36,0.44,0.5,0.53,0.55,0.59,0.6,0.61,0.62,0.63,0.63,0.63,0.65,0.66,0.68,0.69,0.69,0.7,0.7,0.73,0.73,0.73,0.74,0.74,0.75,0.75,0.76,0.76,0.76,0.76,0.76,0.76,0.76,0.77,0.77,0.77,0.77,0.78,0.78,0.78,0.78,0.78,0.79,0.79,0.79,0.79,0.79,0.79,0.79,0.79,0.79,0.79,0.79,0.79,0.79,0.79,0.79,0.79,0.8,0.8,0.8,0.8,0.8,0.81,0.81,0.81,0.81,0.81,0.81,0.81,0.81,0.81,0.81,0.81,0.81,0.81,0.81,0.81,0.81,0.81,0.81,0.81,0.81,0.81,0.81,0.81,0.81,0.81,0.81,0.81,0.81,0.81,0.81,0.81,0.81,0.82,0.82
505,0.0,0.06,0.19,0.32,0.39,0.45,0.53,0.56,0.58,0.58,0.59,0.61,0.64,0.66,0.66,0.68,0.7,0.7,0.71,0.71,0.72,0.73,0.73,0.73,0.73,0.74,0.75,0.77,0.77,0.77,0.79,0.79,0.79,0.79,0.79,0.79,0.79,0.8,0.8,0.8,0.8,0.8,0.8,0.8,0.8,0.8,0.81,0.81,0.81,0.81,0.81,0.81,0.82,0.82,0.82,0.82,0.82,0.82,0.82,0.82,0.82,0.82,0.82,0.82,0.83,0.83,0.83,0.83,0.83,0.83,0.83,0.83,0.84,0.84,0.84,0.84,0.84,0.84,0.84,0.85,0.85,0.85,0.85,0.85,0.85,0.85,0.85,0.85,0.85,0.85,0.85,0.85,0.85,0.85,0.85,0.85,0.85,0.85,0.85,0.85
506,0.0,0.03,0.07,0.1,0.12,0.16,0.22,0.27,0.28,0.29,0.3,0.31,0.32,0.35,0.36,0.36,0.37,0.39,0.44,0.44,0.44,0.44,0.44,0.44,0.44,0.46,0.48,0.48,0.49,0.49,0.5,0.5,0.51,0.52,0.53,0.53,0.55,0.55,0.55,0.55,0.55,0.55,0.55,0.55,0.56,0.56,0.56,0.56,0.56,0.56,0.56,0.56,0.56,0.56,0.57,0.57,0.57,0.58,0.58,0.58,0.58,0.59,0.59,0.59,0.59,0.59,0.59,0.59,0.59,0.59,0.59,0.59,0.59,0.59,0.59,0.59,0.59,0.59,0.59,0.59,0.59,0.59,0.59,0.6,0.6,0.6,0.6,0.6,0.6,0.6,0.6,0.6,0.6,0.6,0.6,0.6,0.6,0.6,0.6,0.6
507,0.0,0.07,0.25,0.34,0.35,0.35,0.35,0.36,0.38,0.39,0.39,0.39,0.39,0.39,0.39,0.39,0.41,0.41,0.42,0.42,0.43,0.43,0.43,0.44,0.44,0.44,0.46,0.46,0.46,0.46,0.46,0.46,0.46,0.46,0.46,0.46,0.46,0.46,0.46,0.46,0.46,0.46,0.47,0.48,0.48,0.48,0.48,0.48,0.49,0.5,0.5,0.5,0.53,0.53,0.53,0.53,0.53,0.53,0.53,0.54,0.54,0.54,0.55,0.55,0.56,0.56,0.56,0.56,0.56,0.56,0.56,0.56,0.57,0.58,0.58,0.58,0.58,0.58,0.58,0.58,0.58,0.58,0.58,0.58,0.58,0.58,0.58,0.58,0.58,0.58,0.58,0.58,0.58,0.58,0.58,0.58,0.58,0.58,0.58,0.59
508,0.0,0.05,0.19,0.24,0.29,0.3,0.32,0.34,0.34,0.35,0.35,0.35,0.38,0.38,0.41,0.42,0.43,0.43,0.43,0.43,0.43,0.45,0.45,0.45,0.45,0.45,0.45,0.45,0.46,0.46,0.46,0.46,0.46,0.46,0.47,0.47,0.47,0.47,0.47,0.47,0.47,0.47,0.47,0.48,0.48,0.48,0.48,0.48,0.48,0.48,0.49,0.49,0.49,0.49,0.49,0.49,0.49,0.49,0.49,0.49,0.49,0.5,0.5,0.5,0.5,0.5,0.5,0.5,0.5,0.5,0.51,0.51,0.51,0.51,0.51,0.51,0.51,0.51,0.51,0.52,0.52,0.52,0.52,0.52,0.52,0.52,0.52,0.52,0.52,0.52,0.52,0.53,0.53,0.53,0.53,0.53,0.53,0.53,0.53,0.53
509,0.0,0.02,0.08,0.13,0.14,0.17,0.2,0.21,0.21,0.21,0.22,0.23,0.23,0.24,0.24,0.26,0.26,0.26,0.26,0.27,0.27,0.27,0.28,0.28,0.29,0.29,0.29,0.29,0.29,0.29,0.29,0.29,0.29,0.29,0.29,0.3,0.31,0.31,0.31,0.31,0.31,0.31,0.31,0.32,0.32,0.35,0.35,0.35,0.35,0.35,0.35,0.35,0.35,0.35,0.35,0.35,0.35,0.35,0.35,0.35,0.35,0.35,0.35,0.36,0.36,0.36,0.36,0.36,0.36,0.36,0.36,0.36,0.36,0.36,0.36,0.37,0.37,0.37,0.37,0.37,0.37,0.37,0.37,0.37,0.37,0.37,0.37,0.37,0.37,0.37,0.38,0.38,0.38,0.38,0.38,0.38,0.38,0.38,0.38,0.38
510,0.0,0.06,0.26,0.32,0.41,0.45,0.48,0.49,0.49,0.5,0.51,0.51,0.51,0.51,0.51,0.51,0.51,0.51,0.51,0.51,0.51,0.51,0.51,0.51,0.52,0.52,0.54,0.54,0.54,0.54,0.54,0.54,0.54,0.54,0.54,0.54,0.54,0.54,0.54,0.54,0.54,0.54,0.55,0.55,0.55,0.55,0.55,0.55,0.55,0.55,0.55,0.55,0.56,0.56,0.56,0.56,0.56,0.56,0.56,0.56,0.56,0.56,0.56,0.56,0.56,0.56,0.56,0.56,0.56,0.56,0.56,0.56,0.56,0.56,0.56,0.56,0.56,0.56,0.56,0.56,0.56,0.56,0.56,0.56,0.56,0.56,0.56,0.56,0.56,0.56,0.56,0.56,0.56,0.56,0.56,0.56,0.56,0.56,0.56,0.56
511,0.0,0.03,0.13,0.18,0.23,0.24,0.27,0.28,0.3,0.3,0.31,0.33,0.36,0.36,0.36,0.36,0.36,0.36,0.36,0.36,0.36,0.36,0.36,0.36,0.37,0.37,0.41,0.42,0.43,0.43,0.43,0.44,0.44,0.44,0.44,0.44,0.45,0.45,0.45,0.47,0.48,0.48,0.5,0.5,0.5,0.5,0.51,0.51,0.51,0.51,0.51,0.51,0.51,0.51,0.51,0.51,0.51,0.51,0.51,0.51,0.51,0.51,0.52,0.52,0.52,0.52,0.52,0.52,0.52,0.52,0.52,0.52,0.52,0.52,0.52,0.52,0.52,0.52,0.52,0.52,0.53,0.54,0.55,0.55,0.55,0.55,0.55,0.55,0.56,0.56,0.56,0.56,0.57,0.57,0.57,0.57,0.57,0.57,0.57,0.57
512,0.0,0.04,0.18,0.25,0.29,0.3,0.32,0.35,0.35,0.37,0.37,0.37,0.37,0.39,0.39,0.39,0.4,0.4,0.41,0.41,0.42,0.43,0.43,0.44,0.44,0.45,0.46,0.47,0.48,0.5,0.51,0.52,0.52,0.53,0.53,0.53,0.53,0.53,0.53,0.53,0.53,0.54,0.54,0.54,0.55,0.55,0.55,0.55,0.55,0.56,0.56,0.56,0.56,0.56,0.56,0.56,0.57,0.57,0.57,0.57,0.57,0.57,0.57,0.57,0.58,0.58,0.58,0.59,0.59,0.59,0.59,0.59,0.59,0.59,0.59,0.59,0.59,0.59,0.59,0.59,0.59,0.59,0.59,0.59,0.59,0.59,0.59,0.59,0.59,0.59,0.59,0.59,0.59,0.59,0.59,0.59,0.59,0.59,0.59,0.59
513,0.0,0.06,0.2,0.35,0.49,0.57,0.65,0.67,0.72,0.77,0.77,0.79,0.81,0.81,0.81,0.81,0.81,0.82,0.83,0.83,0.83,0.83,0.83,0.83,0.83,0.83,0.83,0.83,0.83,0.84,0.84,0.84,0.84,0.85,0.85,0.85,0.85,0.85,0.85,0.85,0.85,0.85,0.85,0.85,0.85,0.85,0.85,0.85,0.85,0.85,0.85,0.86,0.86,0.86,0.86,0.86,0.87,0.87,0.87,0.87,0.87,0.87,0.87,0.87,0.87,0.87,0.87,0.87,0.87,0.87,0.87,0.87,0.87,0.87,0.87,0.87,0.87,0.87,0.87,0.87,0.87,0.87,0.87,0.87,0.87,0.87,0.87,0.87,0.87,0.87,0.87,0.87,0.87,0.87,0.87,0.87,0.87,0.87,0.87,0.87
514,0.0,0.05,0.33,0.45,0.49,0.51,0.51,0.52,0.52,0.53,0.53,0.55,0.58,0.59,0.59,0.6,0.6,0.6,0.6,0.6,0.61,0.61,0.61,0.61,0.61,0.61,0.61,0.61,0.61,0.61,0.61,0.61,0.61,0.62,0.62,0.62,0.62,0.62,0.62,0.62,0.62,0.62,0.62,0.62,0.62,0.63,0.63,0.63,0.64,0.64,0.65,0.65,0.65,0.65,0.65,0.65,0.65,0.65,0.65,0.65,0.65,0.65,0.65,0.65,0.65,0.65,0.65,0.65,0.65,0.66,0.66,0.66,0.66,0.66,0.66,0.66,0.66,0.66,0.66,0.66,0.67,0.67,0.67,0.67,0.67,0.67,0.67,0.67,0.67,0.67,0.67,0.67,0.67,0.67,0.67,0.67,0.67,0.67,0.67,0.67
515,0.0,0.05,0.13,0.24,0.31,0.33,0.38,0.38,0.41,0.43,0.43,0.46,0.47,0.47,0.47,0.47,0.47,0.47,0.47,0.47,0.48,0.49,0.49,0.49,0.49,0.5,0.5,0.5,0.51,0.51,0.52,0.52,0.52,0.53,0.53,0.54,0.54,0.54,0.54,0.56,0.56,0.56,0.56,0.56,0.56,0.56,0.56,0.56,0.56,0.56,0.56,0.56,0.56,0.56,0.56,0.57,0.57,0.57,0.57,0.57,0.57,0.57,0.57,0.57,0.57,0.58,0.58,0.59,0.6,0.6,0.6,0.6,0.61,0.61,0.61,0.61,0.61,0.61,0.61,0.61,0.61,0.61,0.61,0.61,0.61,0.61,0.61,0.61,0.61,0.61,0.61,0.61,0.61,0.61,0.61,0.61,0.61,0.61,0.61,0.61
516,0.0,0.06,0.14,0.16,0.2,0.22,0.22,0.23,0.24,0.24,0.24,0.25,0.25,0.25,0.25,0.25,0.25,0.25,0.26,0.26,0.27,0.27,0.29,0.31,0.31,0.32,0.32,0.32,0.32,0.32,0.33,0.33,0.34,0.34,0.35,0.35,0.36,0.36,0.36,0.36,0.36,0.37,0.37,0.38,0.38,0.38,0.38,0.39,0.4,0.4,0.41,0.41,0.41,0.41,0.41,0.41,0.41,0.41,0.41,0.41,0.41,0.41,0.41,0.41,0.41,0.41,0.41,0.41,0.41,0.41,0.41,0.41,0.41,0.41,0.41,0.41,0.41,0.41,0.41,0.41,0.41,0.41,0.41,0.41,0.41,0.41,0.41,0.41,0.41,0.41,0.41,0.41,0.41,0.41,0.41,0.41,0.41,0.41,0.41,0.41
517,0.0,0.02,0.07,0.16,0.2,0.21,0.24,0.26,0.28,0.29,0.29,0.3,0.3,0.32,0.34,0.34,0.34,0.35,0.35,0.35,0.35,0.35,0.36,0.37,0.39,0.39,0.4,0.4,0.4,0.4,0.4,0.4,0.4,0.4,0.4,0.41,0.41,0.41,0.41,0.41,0.41,0.41,0.41,0.41,0.41,0.41,0.41,0.41,0.41,0.41,0.41,0.42,0.42,0.42,0.42,0.42,0.42,0.42,0.42,0.42,0.43,0.43,0.43,0.43,0.43,0.43,0.43,0.43,0.43,0.43,0.43,0.43,0.43,0.43,0.43,0.43,0.43,0.43,0.43,0.43,0.43,0.43,0.43,0.43,0.43,0.43,0.43,0.43,0.43,0.43,0.43,0.43,0.43,0.43,0.43,0.43,0.43,0.43,0.43,0.44
518,0.0,0.02,0.09,0.18,0.3,0.33,0.37,0.38,0.41,0.41,0.41,0.41,0.41,0.42,0.43,0.43,0.43,0.43,0.43,0.43,0.43,0.43,0.44,0.45,0.47,0.47,0.47,0.48,0.48,0.48,0.48,0.48,0.49,0.49,0.5,0.5,0.51,0.52,0.52,0.52,0.52,0.52,0.52,0.52,0.52,0.53,0.53,0.53,0.53,0.53,0.53,0.54,0.54,0.54,0.54,0.54,0.54,0.54,0.54,0.54,0.54,0.54,0.54,0.55,0.55,0.55,0.55,0.55,0.56,0.56,0.56,0.56,0.56,0.57,0.57,0.57,0.57,0.57,0.57,0.58,0.58,0.58,0.58,0.58,0.58,0.58,0.58,0.58,0.58,0.58,0.58,0.58,0.58,0.58,0.58,0.58,0.58,0.58,0.58,0.58
519,0.0,0.04,0.15,0.24,0.28,0.3,0.33,0.34,0.35,0.36,0.37,0.38,0.39,0.4,0.41,0.41,0.42,0.42,0.42,0.44,0.44,0.44,0.45,0.45,0.45,0.45,0.47,0.49,0.49,0.49,0.49,0.5,0.5,0.5,0.51,0.51,0.51,0.51,0.52,0.52,0.53,0.54,0.54,0.54,0.54,0.54,0.54,0.54,0.55,0.55,0.55,0.55,0.55,0.55,0.55,0.55,0.55,0.55,0.55,0.55,0.55,0.55,0.55,0.55,0.56,0.57,0.58,0.58,0.58,0.58,0.59,0.6,0.6,0.6,0.6,0.6,0.6,0.61,0.61,0.61,0.61,0.61,0.62,0.62,0.62,0.62,0.62,0.62,0.62,0.62,0.62,0.63,0.63,0.63,0.63,0.63,0.63,0.63,0.63,0.64
520,0.0,0.07,0.23,0.31,0.4,0.43,0.47,0.5,0.54,0.56,0.59,0.61,0.63,0.63,0.66,0.66,0.69,0.7,0.7,0.7,0.73,0.73,0.77,0.78,0.79,0.79,0.79,0.79,0.8,0.82,0.83,0.83,0.83,0.83,0.83,0.83,0.83,0.83,0.83,0.83,0.84,0.84,0.84,0.84,0.84,0.84,0.85,0.85,0.85,0.85,0.85,0.85,0.85,0.86,0.86,0.86,0.86,0.86,0.86,0.86,0.86,0.86,0.86,0.86,0.86,0.86,0.86,0.86,0.86,0.86,0.86,0.86,0.86,0.86,0.86,0.87,0.87,0.88,0.88,0.88,0.88,0.88,0.88,0.88,0.88,0.88,0.88,0.88,0.88,0.88,0.88,0.88,0.88,0.88,0.88,0.88,0.88,0.88,0.88,0.88
521,0.0,0.02,0.17,0.22,0.28,0.29,0.3,0.32,0.34,0.35,0.35,0.36,0.37,0.37,0.39,0.39,0.4,0.4,0.4,0.41,0.43,0.44,0.44,0.45,0.46,0.47,0.47,0.47,0.47,0.47,0.47,0.47,0.47,0.47,0.47,0.47,0.47,0.48,0.49,0.49,0.49,0.49,0.49,0.49,0.49,0.49,0.49,0.51,0.51,0.51,0.51,0.51,0.52,0.52,0.52,0.53,0.53,0.53,0.53,0.53,0.53,0.53,0.53,0.54,0.54,0.54,0.54,0.54,0.54,0.54,0.54,0.54,0.54,0.54,0.55,0.55,0.55,0.56,0.56,0.56,0.56,0.56,0.56,0.56,0.56,0.56,0.56,0.56,0.56,0.56,0.56,0.56,0.56,0.56,0.56,0.56,0.56,0.56,0.56,0.56
522,0.0,0.05,0.16,0.19,0.23,0.24,0.28,0.28,0.29,0.29,0.3,0.32,0.34,0.37,0.37,0.39,0.41,0.43,0.44,0.44,0.44,0.44,0.44,0.44,0.45,0.45,0.46,0.46,0.46,0.46,0.46,0.46,0.46,0.48,0.48,0.48,0.49,0.49,0.49,0.49,0.49,0.49,0.49,0.49,0.49,0.5,0.5,0.5,0.51,0.51,0.51,0.51,0.51,0.51,0.51,0.51,0.52,0.52,0.52,0.52,0.54,0.54,0.55,0.55,0.55,0.55,0.57,0.57,0.57,0.57,0.57,0.57,0.57,0.57,0.57,0.57,0.57,0.57,0.57,0.57,0.57,0.57,0.57,0.57,0.57,0.57,0.57,0.57,0.57,0.57,0.57,0.57,0.57,0.57,0.57,0.58,0.58,0.58,0.58,0.58
523,0.0,0.03,0.1,0.14,0.17,0.18,0.18,0.2,0.21,0.21,0.21,0.21,0.22,0.22,0.22,0.22,0.22,0.23,0.24,0.24,0.24,0.24,0.24,0.25,0.26,0.27,0.27,0.27,0.27,0.28,0.28,0.29,0.29,0.29,0.29,0.31,0.31,0.31,0.31,0.31,0.31,0.32,0.33,0.34,0.34,0.34,0.34,0.35,0.35,0.36,0.36,0.36,0.36,0.36,0.36,0.37,0.37,0.37,0.37,0.37,0.37,0.37,0.37,0.37,0.37,0.37,0.38,0.38,0.38,0.38,0.38,0.39,0.39,0.39,0.39,0.39,0.39,0.39,0.39,0.39,0.39,0.4,0.4,0.4,0.4,0.4,0.4,0.4,0.4,0.4,0.41,0.41,0.41,0.41,0.41,0.41,0.41,0.41,0.41,0.41
524,0.0,0.1,0.23,0.32,0.36,0.38,0.39,0.39,0.39,0.42,0.42,0.44,0.44,0.44,0.45,0.45,0.45,0.46,0.47,0.48,0.48,0.48,0.48,0.49,0.49,0.49,0.49,0.51,0.52,0.52,0.52,0.52,0.52,0.52,0.52,0.52,0.52,0.52,0.52,0.52,0.52,0.52,0.52,0.52,0.52,0.52,0.53,0.53,0.53,0.54,0.54,0.54,0.56,0.57,0.57,0.58,0.58,0.58,0.58,0.58,0.58,0.58,0.58,0.58,0.58,0.58,0.58,0.58,0.58,0.58,0.58,0.58,0.58,0.58,0.58,0.58,0.58,0.58,0.58,0.58,0.58,0.59,0.59,0.59,0.59,0.59,0.59,0.59,0.59,0.59,0.59,0.59,0.59,0.59,0.59,0.59,0.59,0.59,0.59,0.59
525,0.0,0.07,0.21,0.28,0.3,0.31,0.33,0.33,0.33,0.35,0.37,0.37,0.38,0.4,0.4,0.4,0.4,0.4,0.41,0.41,0.41,0.41,0.42,0.42,0.43,0.45,0.45,0.45,0.45,0.45,0.45,0.47,0.47,0.47,0.47,0.47,0.48,0.5,0.51,0.51,0.51,0.51,0.51,0.51,0.51,0.51,0.51,0.51,0.51,0.51,0.51,0.51,0.51,0.51,0.51,0.51,0.51,0.51,0.51,0.51,0.51,0.52,0.52,0.52,0.52,0.52,0.52,0.52,0.52,0.52,0.52,0.52,0.52,0.52,0.52,0.53,0.53,0.53,0.53,0.53,0.53,0.54,0.55,0.55,0.55,0.55,0.55,0.55,0.55,0.55,0.55,0.56,0.57,0.57,0.57,0.58,0.58,0.58,0.58,0.58
526,0.0,0.04,0.26,0.32,0.38,0.45,0.47,0.5,0.54,0.56,0.59,0.61,0.63,0.64,0.65,0.65,0.66,0.67,0.67,0.7,0.7,0.7,0.7,0.71,0.72,0.72,0.72,0.73,0.75,0.75,0.75,0.75,0.75,0.75,0.75,0.75,0.75,0.75,0.75,0.75,0.75,0.75,0.75,0.75,0.75,0.75,0.75,0.75,0.75,0.75,0.75,0.75,0.75,0.75,0.75,0.75,0.75,0.75,0.75,0.75,0.75,0.75,0.75,0.75,0.75,0.75,0.75,0.75,0.75,0.75,0.76,0.76,0.76,0.76,0.76,0.76,0.76,0.76,0.76,0.76,0.76,0.76,0.76,0.76,0.76,0.76,0.76,0.76,0.76,0.76,0.76,0.76,0.76,0.76,0.76,0.76,0.76,0.76,0.76,0.76
527,0.0,0.05,0.17,0.25,0.27,0.29,0.34,0.37,0.39,0.39,0.4,0.42,0.43,0.43,0.43,0.43,0.43,0.43,0.43,0.43,0.44,0.44,0.45,0.45,0.45,0.45,0.46,0.46,0.47,0.47,0.47,0.47,0.47,0.47,0.47,0.47,0.47,0.47,0.47,0.47,0.47,0.47,0.47,0.47,0.47,0.48,0.48,0.48,0.49,0.49,0.49,0.49,0.49,0.49,0.49,0.5,0.5,0.5,0.5,0.5,0.51,0.52,0.52,0.52,0.54,0.54,0.54,0.54,0.54,0.55,0.55,0.55,0.55,0.55,0.55,0.55,0.55,0.56,0.56,0.56,0.56,0.56,0.56,0.56,0.56,0.56,0.56,0.56,0.56,0.56,0.57,0.57,0.57,0.57,0.57,0.57,0.57,0.57,0.57,0.57
528,0.0,0.04,0.17,0.29,0.32,0.38,0.4,0.43,0.44,0.44,0.46,0.48,0.51,0.52,0.53,0.56,0.56,0.58,0.58,0.59,0.59,0.6,0.61,0.62,0.62,0.63,0.64,0.65,0.66,0.66,0.67,0.67,0.68,0.68,0.68,0.68,0.68,0.68,0.7,0.7,0.71,0.72,0.72,0.72,0.72,0.72,0.72,0.73,0.73,0.73,0.73,0.73,0.74,0.74,0.74,0.74,0.74,0.74,0.74,0.75,0.75,0.75,0.77,0.78,0.78,0.78,0.78,0.78,0.78,0.78,0.78,0.78,0.78,0.78,0.78,0.78,0.78,0.78,0.78,0.78,0.78,0.78,0.78,0.78,0.78,0.78,0.78,0.78,0.78,0.78,0.78,0.78,0.78,0.78,0.78,0.78,0.78,0.78,0.78,0.78
529,0.0,0.06,0.23,0.35,0.49,0.56,0.61,0.64,0.67,0.71,0.74,0.74,0.74,0.74,0.75,0.76,0.79,0.79,0.79,0.79,0.8,0.81,0.82,0.83,0.83,0.83,0.83,0.84,0.84,0.84,0.86,0.86,0.86,0.86,0.86,0.86,0.86,0.86,0.87,0.87,0.87,0.87,0.87,0.87,0.87,0.88,0.89,0.9,0.9,0.9,0.9,0.9,0.9,0.9,0.9,0.9,0.9,0.9,0.91,0.91,0.91,0.91,0.91,0.91,0.91,0.91,0.92,0.92,0.92,0.92,0.92,0.92,0.92,0.92,0.92,0.92,0.92,0.92,0.92,0.92,0.92,0.92,0.92,0.92,0.92,0.92,0.92,0.92,0.92,0.92,0.92,0.92,0.92,0.93,0.93,0.93,0.93,0.93,0.93,0.93
530,0.0,0.03,0.14,0.2,0.25,0.31,0.36,0.39,0.41,0.46,0.5,0.52,0.52,0.52,0.54,0.55,0.57,0.58,0.59,0.61,0.63,0.63,0.63,0.64,0.64,0.66,0.66,0.66,0.67,0.67,0.67,0.68,0.68,0.68,0.69,0.69,0.7,0.71,0.72,0.72,0.73,0.73,0.73,0.74,0.74,0.74,0.74,0.74,0.74,0.75,0.75,0.75,0.75,0.77,0.77,0.77,0.77,0.77,0.77,0.77,0.77,0.77,0.77,0.77,0.77,0.77,0.79,0.79,0.79,0.79,0.79,0.79,0.79,0.79,0.79,0.79,0.79,0.79,0.8,0.8,0.8,0.8,0.8,0.8,0.8,0.8,0.8,0.8,0.8,0.8,0.8,0.8,0.8,0.8,0.8,0.8,0.8,0.8,0.8,0.8
531,0.0,0.06,0.23,0.36,0.41,0.43,0.46,0.47,0.47,0.49,0.49,0.51,0.54,0.54,0.55,0.56,0.56,0.56,0.56,0.58,0.59,0.59,0.59,0.59,0.61,0.62,0.62,0.62,0.62,0.62,0.63,0.63,0.63,0.64,0.64,0.64,0.64,0.64,0.64,0.64,0.64,0.64,0.64,0.64,0.64,0.64,0.64,0.64,0.64,0.64,0.64,0.65,0.65,0.65,0.66,0.66,0.67,0.67,0.67,0.67,0.67,0.67,0.67,0.67,0.67,0.67,0.67,0.67,0.67,0.67,0.67,0.67,0.67,0.67,0.67,0.67,0.67,0.67,0.67,0.67,0.67,0.67,0.67,0.67,0.67,0.67,0.67,0.67,0.67,0.67,0.67,0.67,0.67,0.67,0.67,0.67,0.67,0.67,0.67,0.67
532,0.0,0.05,0.16,0.26,0.28,0.3,0.31,0.32,0.34,0.34,0.34,0.34,0.34,0.34,0.34,0.34,0.34,0.34,0.36,0.36,0.36,0.36,0.36,0.36,0.36,0.36,0.36,0.36,0.36,0.36,0.36,0.36,0.36,0.36,0.36,0.37,0.37,0.37,0.37,0.38,0.38,0.38,0.38,0.38,0.38,0.38,0.39,0.39,0.39,0.39,0.4,0.41,0.41,0.41,0.41,0.41,0.41,0.41,0.41,0.41,0.42,0.42,0.42,0.42,0.42,0.42,0.42,0.42,0.42,0.42,0.42,0.42,0.42,0.42,0.42,0.42,0.42,0.42,0.42,0.42,0.42,0.42,0.42,0.42,0.42,0.42,0.42,0.42,0.42,0.42,0.42,0.42,0.42,0.42,0.42,0.42,0.42,0.42,0.42,0.42
533,0.0,0.05,0.17,0.26,0.28,0.29,0.32,0.35,0.36,0.37,0.37,0.39,0.39,0.39,0.4,0.4,0.4,0.41,0.41,0.42,0.44,0.46,0.46,0.46,0.46,0.46,0.47,0.48,0.48,0.48,0.48,0.48,0.48,0.48,0.48,0.48,0.48,0.48,0.48,0.48,0.49,0.49,0.49,0.49,0.49,0.5,0.5,0.5,0.5,0.5,0.5,0.5,0.5,0.5,0.51,0.51,0.51,0.51,0.51,0.51,0.51,0.51,0.51,0.51,0.51,0.52,0.52,0.52,0.53,0.53,0.53,0.53,0.53,0.54,0.54,0.55,0.55,0.55,0.56,0.56,0.56,0.56,0.56,0.56,0.56,0.56,0.56,0.56,0.56,0.56,0.56,0.56,0.56,0.56,0.56,0.56,0.56,0.56,0.56,0.56
534,0.0,0.08,0.23,0.29,0.38,0.42,0.44,0.47,0.51,0.52,0.53,0.53,0.53,0.53,0.53,0.53,0.54,0.54,0.54,0.54,0.55,0.57,0.58,0.59,0.6,0.6,0.62,0.63,0.63,0.64,0.64,0.65,0.65,0.65,0.66,0.66,0.67,0.68,0.69,0.69,0.69,0.69,0.69,0.69,0.7,0.7,0.7,0.7,0.7,0.7,0.7,0.7,0.7,0.7,0.7,0.7,0.71,0.71,0.71,0.72,0.72,0.73,0.73,0.74,0.74,0.74,0.75,0.75,0.75,0.75,0.75,0.75,0.75,0.75,0.75,0.75,0.76,0.76,0.76,0.76,0.76,0.76,0.76,0.76,0.76,0.77,0.77,0.77,0.77,0.77,0.77,0.77,0.77,0.78,0.78,0.78,0.78,0.79,0.79,0.79
535,0.0,0.04,0.16,0.27,0.33,0.4,0.44,0.48,0.54,0.57,0.57,0.58,0.59,0.61,0.62,0.64,0.65,0.65,0.66,0.66,0.66,0.67,0.67,0.67,0.67,0.67,0.69,0.72,0.72,0.72,0.72,0.73,0.73,0.74,0.74,0.74,0.74,0.75,0.75,0.75,0.75,0.76,0.78,0.78,0.78,0.78,0.78,0.78,0.78,0.78,0.78,0.78,0.78,0.79,0.79,0.79,0.79,0.79,0.79,0.79,0.79,0.79,0.79,0.79,0.79,0.79,0.8,0.8,0.8,0.8,0.8,0.8,0.8,0.8,0.8,0.8,0.8,0.8,0.8,0.8,0.8,0.8,0.8,0.8,0.8,0.81,0.81,0.81,0.81,0.81,0.81,0.81,0.81,0.81,0.81,0.81,0.81,0.82,0.82,0.82
536,0.0,0.05,0.08,0.16,0.19,0.21,0.22,0.23,0.23,0.23,0.23,0.24,0.25,0.25,0.27,0.29,0.29,0.29,0.3,0.32,0.32,0.32,0.33,0.33,0.33,0.34,0.34,0.35,0.35,0.35,0.35,0.35,0.35,0.35,0.35,0.35,0.35,0.35,0.35,0.36,0.36,0.36,0.36,0.36,0.36,0.36,0.36,0.36,0.37,0.37,0.37,0.37,0.37,0.37,0.37,0.37,0.37,0.37,0.37,0.37,0.38,0.38,0.39,0.39,0.39,0.39,0.39,0.39,0.39,0.39,0.39,0.39,0.39,0.39,0.4,0.4,0.4,0.4,0.41,0.41,0.41,0.41,0.41,0.41,0.41,0.42,0.42,0.42,0.42,0.42,0.42,0.42,0.42,0.43,0.43,0.44,0.44,0.44,0.44,0.44
537,0.0,0.1,0.22,0.27,0.29,0.29,0.31,0.31,0.32,0.33,0.34,0.37,0.38,0.38,0.38,0.39,0.4,0.42,0.42,0.43,0.43,0.44,0.45,0.47,0.48,0.49,0.5,0.5,0.51,0.52,0.52,0.52,0.52,0.52,0.53,0.53,0.53,0.54,0.54,0.54,0.54,0.54,0.54,0.54,0.54,0.54,0.54,0.54,0.54,0.55,0.55,0.55,0.55,0.55,0.55,0.55,0.55,0.55,0.55,0.55,0.56,0.56,0.56,0.56,0.56,0.56,0.56,0.56,0.56,0.56,0.56,0.56,0.56,0.57,0.57,0.57,0.57,0.57,0.57,0.57,0.57,0.57,0.57,0.57,0.57,0.57,0.57,0.57,0.57,0.57,0.57,0.57,0.57,0.57,0.57,0.57,0.57,0.57,0.57,0.57
538,0.0,0.06,0.1,0.15,0.18,0.25,0.29,0.3,0.31,0.32,0.32,0.34,0.34,0.35,0.35,0.35,0.36,0.37,0.37,0.39,0.4,0.4,0.4,0.41,0.41,0.41,0.41,0.42,0.42,0.42,0.43,0.43,0.43,0.43,0.43,0.43,0.43,0.44,0.45,0.45,0.47,0.47,0.47,0.48,0.48,0.48,0.48,0.48,0.48,0.48,0.48,0.48,0.48,0.48,0.48,0.48,0.48,0.48,0.48,0.48,0.48,0.48,0.48,0.48,0.48,0.48,0.48,0.48,0.48,0.48,0.48,0.48,0.48,0.48,0.48,0.48,0.48,0.48,0.48,0.49,0.49,0.49,0.49,0.49,0.49,0.49,0.49,0.49,0.49,0.49,0.49,0.49,0.49,0.49,0.49,0.49,0.49,0.49,0.49,0.49
539,0.0,0.08,0.18,0.28,0.38,0.43,0.49,0.5,0.51,0.52,0.53,0.54,0.54,0.55,0.56,0.56,0.56,0.56,0.56,0.57,0.57,0.58,0.58,0.58,0.58,0.58,0.59,0.59,0.59,0.59,0.59,0.59,0.59,0.59,0.59,0.59,0.59,0.59,0.6,0.6,0.6,0.6,0.6,0.6,0.61,0.61,0.62,0.62,0.62,0.62,0.62,0.62,0.62,0.62,0.62,0.62,0.62,0.62,0.62,0.62,0.62,0.62,0.62,0.62,0.62,0.62,0.63,0.63,0.63,0.64,0.64,0.64,0.64,0.64,0.64,0.64,0.64,0.64,0.64,0.64,0.64,0.64,0.64,0.64,0.64,0.64,0.64,0.64,0.64,0.64,0.64,0.64,0.64,0.65,0.65,0.65,0.65,0.65,0.65,0.65
540,0.0,0.1,0.22,0.3,0.32,0.37,0.37,0.38,0.39,0.39,0.39,0.39,0.4,0.4,0.4,0.41,0.42,0.42,0.43,0.44,0.44,0.45,0.46,0.46,0.46,0.47,0.48,0.48,0.48,0.48,0.48,0.48,0.48,0.48,0.48,0.5,0.5,0.5,0.5,0.5,0.5,0.5,0.5,0.5,0.5,0.51,0.52,0.52,0.53,0.53,0.53,0.54,0.54,0.54,0.54,0.54,0.54,0.55,0.55,0.55,0.55,0.55,0.56,0.56,0.56,0.56,0.56,0.56,0.56,0.56,0.56,0.56,0.56,0.56,0.56,0.56,0.56,0.56,0.56,0.56,0.56,0.56,0.56,0.56,0.56,0.56,0.56,0.56,0.56,0.56,0.56,0.56,0.56,0.56,0.56,0.56,0.56,0.56,0.57,0.57
541,0.0,0.03,0.09,0.14,0.21,0.23,0.26,0.26,0.28,0.29,0.31,0.36,0.39,0.4,0.4,0.4,0.41,0.43,0.44,0.46,0.46,0.46,0.46,0.47,0.47,0.49,0.5,0.5,0.52,0.53,0.53,0.54,0.54,0.54,0.54,0.55,0.55,0.56,0.57,0.57,0.58,0.58,0.58,0.58,0.6,0.6,0.6,0.6,0.6,0.6,0.6,0.6,0.6,0.6,0.6,0.6,0.6,0.6,0.6,0.6,0.6,0.6,0.6,0.6,0.6,0.6,0.6,0.6,0.6,0.6,0.61,0.61,0.61,0.61,0.61,0.61,0.61,0.61,0.61,0.61,0.61,0.61,0.61,0.62,0.63,0.63,0.63,0.63,0.63,0.63,0.63,0.63,0.63,0.63,0.63,0.63,0.63,0.63,0.63,0.63
542,0.0,0.03,0.16,0.28,0.31,0.37,0.44,0.5,0.52,0.53,0.58,0.59,0.62,0.66,0.67,0.68,0.7,0.7,0.71,0.72,0.72,0.72,0.72,0.72,0.72,0.72,0.72,0.72,0.72,0.72,0.72,0.74,0.74,0.75,0.76,0.77,0.8,0.82,0.82,0.82,0.82,0.82,0.82,0.83,0.83,0.83,0.83,0.83,0.83,0.84,0.85,0.85,0.85,0.85,0.85,0.85,0.85,0.85,0.85,0.85,0.85,0.85,0.85,0.85,0.85,0.85,0.85,0.85,0.85,0.85,0.85,0.85,0.85,0.85,0.85,0.85,0.85,0.86,0.86,0.86,0.86,0.87,0.87,0.87,0.87,0.87,0.87,0.87,0.87,0.87,0.87,0.87,0.87,0.87,0.87,0.87,0.87,0.87,0.87,0.87
543,0.0,0.02,0.19,0.36,0.42,0.48,0.51,0.53,0.61,0.62,0.65,0.65,0.67,0.68,0.68,0.68,0.68,0.68,0.68,0.69,0.69,0.69,0.69,0.71,0.72,0.72,0.75,0.77,0.77,0.77,0.77,0.78,0.78,0.78,0.78,0.79,0.79,0.79,0.79,0.79,0.79,0.79,0.79,0.8,0.8,0.8,0.8,0.82,0.82,0.83,0.83,0.83,0.83,0.83,0.83,0.83,0.83,0.83,0.84,0.84,0.84,0.84,0.84,0.84,0.84,0.84,0.84,0.84,0.84,0.84,0.84,0.84,0.84,0.84,0.84,0.84,0.84,0.84,0.85,0.86,0.86,0.86,0.86,0.86,0.86,0.86,0.86,0.86,0.86,0.86,0.86,0.86,0.86,0.86,0.86,0.86,0.86,0.86,0.86,0.86
544,0.0,0.05,0.11,0.15,0.18,0.2,0.22,0.23,0.23,0.23,0.23,0.23,0.23,0.24,0.25,0.26,0.27,0.27,0.29,0.29,0.29,0.3,0.3,0.3,0.3,0.3,0.3,0.31,0.31,0.31,0.31,0.32,0.32,0.33,0.33,0.33,0.33,0.33,0.34,0.34,0.35,0.35,0.35,0.35,0.35,0.35,0.35,0.36,0.36,0.36,0.36,0.37,0.38,0.38,0.38,0.38,0.38,0.38,0.39,0.39,0.39,0.4,0.4,0.41,0.41,0.41,0.41,0.42,0.42,0.42,0.42,0.42,0.42,0.42,0.42,0.42,0.42,0.43,0.43,0.43,0.44,0.44,0.44,0.44,0.44,0.44,0.44,0.44,0.44,0.44,0.44,0.44,0.44,0.44,0.44,0.44,0.44,0.44,0.44,0.44
545,0.0,0.05,0.16,0.19,0.22,0.23,0.24,0.26,0.26,0.27,0.28,0.28,0.28,0.29,0.29,0.29,0.3,0.31,0.31,0.31,0.31,0.31,0.32,0.32,0.32,0.32,0.32,0.32,0.33,0.33,0.33,0.33,0.33,0.33,0.33,0.33,0.33,0.33,0.33,0.33,0.33,0.33,0.33,0.33,0.33,0.33,0.33,0.34,0.34,0.34,0.34,0.34,0.34,0.34,0.34,0.34,0.34,0.34,0.34,0.34,0.34,0.35,0.35,0.35,0.35,0.35,0.35,0.35,0.35,0.35,0.35,0.35,0.35,0.35,0.35,0.35,0.35,0.36,0.36,0.36,0.36,0.36,0.36,0.36,0.36,0.36,0.36,0.36,0.36,0.36,0.36,0.36,0.36,0.36,0.36,0.36,0.36,0.36,0.36,0.36
546,0.0,0.03,0.1,0.24,0.29,0.31,0.34,0.35,0.38,0.41,0.44,0.47,0.47,0.49,0.51,0.54,0.58,0.58,0.6,0.61,0.61,0.62,0.62,0.63,0.63,0.65,0.66,0.66,0.66,0.66,0.66,0.66,0.66,0.66,0.66,0.67,0.67,0.67,0.67,0.7,0.71,0.71,0.72,0.72,0.72,0.72,0.72,0.72,0.72,0.72,0.72,0.72,0.72,0.72,0.72,0.72,0.72,0.72,0.73,0.73,0.74,0.74,0.74,0.75,0.75,0.75,0.75,0.75,0.75,0.76,0.76,0.77,0.77,0.77,0.77,0.77,0.77,0.77,0.78,0.78,0.78,0.78,0.78,0.78,0.79,0.79,0.79,0.79,0.79,0.79,0.79,0.79,0.79,0.79,0.79,0.79,0.79,0.79,0.79,0.79
547,0.0,0.03,0.14,0.15,0.2,0.23,0.26,0.26,0.27,0.28,0.29,0.29,0.29,0.29,0.29,0.3,0.3,0.3,0.3,0.3,0.3,0.3,0.31,0.32,0.32,0.32,0.33,0.34,0.36,0.37,0.39,0.39,0.41,0.43,0.43,0.43,0.43,0.43,0.44,0.44,0.45,0.46,0.48,0.48,0.5,0.51,0.51,0.52,0.52,0.52,0.52,0.52,0.52,0.52,0.53,0.54,0.54,0.54,0.54,0.55,0.55,0.55,0.55,0.55,0.55,0.55,0.55,0.55,0.55,0.55,0.55,0.56,0.56,0.56,0.56,0.56,0.56,0.56,0.56,0.56,0.56,0.56,0.56,0.56,0.56,0.56,0.57,0.57,0.57,0.57,0.57,0.57,0.57,0.57,0.57,0.57,0.58,0.58,0.58,0.58
548,0.0,0.06,0.13,0.19,0.3,0.33,0.37,0.42,0.43,0.47,0.49,0.51,0.51,0.52,0.52,0.52,0.52,0.53,0.55,0.56,0.59,0.6,0.6,0.6,0.62,0.63,0.63,0.63,0.64,0.64,0.64,0.64,0.65,0.65,0.65,0.65,0.65,0.66,0.66,0.66,0.66,0.66,0.66,0.66,0.67,0.68,0.68,0.68,0.68,0.68,0.68,0.69,0.69,0.69,0.69,0.69,0.69,0.69,0.7,0.7,0.7,0.71,0.71,0.71,0.71,0.71,0.71,0.71,0.71,0.71,0.71,0.71,0.72,0.73,0.73,0.73,0.73,0.73,0.73,0.73,0.74,0.74,0.74,0.74,0.74,0.74,0.74,0.74,0.74,0.74,0.74,0.74,0.74,0.74,0.74,0.74,0.74,0.74,0.74,0.74
549,0.0,0.03,0.18,0.26,0.32,0.37,0.4,0.42,0.42,0.42,0.42,0.43,0.43,0.44,0.45,0.45,0.45,0.45,0.46,0.47,0.5,0.5,0.5,0.5,0.5,0.5,0.5,0.5,0.51,0.51,0.51,0.51,0.53,0.53,0.53,0.53,0.53,0.54,0.54,0.54,0.54,0.54,0.54,0.54,0.54,0.54,0.54,0.54,0.54,0.54,0.54,0.54,0.54,0.55,0.55,0.55,0.55,0.55,0.55,0.55,0.55,0.55,0.55,0.56,0.56,0.56,0.56,0.56,0.56,0.56,0.56,0.56,0.56,0.56,0.56,0.56,0.56,0.56,0.56,0.56,0.56,0.56,0.56,0.56,0.56,0.56,0.56,0.56,0.56,0.56,0.56,0.56,0.56,0.56,0.56,0.56,0.56,0.56,0.56,0.56
550,0.0,0.06,0.21,0.29,0.32,0.35,0.36,0.39,0.39,0.39,0.39,0.39,0.4,0.4,0.4,0.41,0.43,0.43,0.43,0.43,0.44,0.44,0.44,0.44,0.44,0.45,0.45,0.45,0.45,0.45,0.45,0.45,0.45,0.45,0.45,0.47,0.47,0.47,0.47,0.47,0.47,0.48,0.49,0.49,0.49,0.49,0.5,0.5,0.5,0.51,0.51,0.51,0.51,0.51,0.51,0.51,0.51,0.51,0.51,0.51,0.51,0.51,0.51,0.52,0.52,0.52,0.52,0.52,0.52,0.52,0.53,0.53,0.53,0.53,0.53,0.53,0.53,0.53,0.53,0.53,0.53,0.53,0.53,0.53,0.53,0.53,0.54,0.54,0.54,0.54,0.54,0.54,0.54,0.54,0.54,0.54,0.54,0.54,0.54,0.54
551,0.0,0.06,0.22,0.31,0.35,0.38,0.44,0.47,0.48,0.5,0.52,0.53,0.54,0.54,0.56,0.56,0.56,0.56,0.56,0.57,0.57,0.58,0.6,0.61,0.62,0.64,0.65,0.66,0.67,0.68,0.69,0.69,0.69,0.69,0.69,0.69,0.7,0.7,0.7,0.7,0.7,0.7,0.7,0.7,0.7,0.7,0.7,0.7,0.7,0.7,0.7,0.71,0.71,0.71,0.73,0.73,0.73,0.73,0.73,0.73,0.73,0.73,0.73,0.73,0.73,0.73,0.73,0.73,0.73,0.73,0.73,0.73,0.73,0.73,0.73,0.73,0.73,0.73,0.73,0.73,0.73,0.73,0.73,0.73,0.73,0.73,0.73,0.73,0.73,0.73,0.73,0.73,0.73,0.73,0.73,0.73,0.73,0.73,0.73,0.73
552,0.0,0.04,0.1,0.15,0.2,0.22,0.25,0.28,0.29,0.32,0.32,0.32,0.32,0.33,0.33,0.33,0.34,0.35,0.35,0.35,0.36,0.37,0.37,0.38,0.39,0.4,0.41,0.41,0.42,0.42,0.42,0.42,0.42,0.43,0.43,0.43,0.43,0.43,0.44,0.44,0.44,0.44,0.44,0.44,0.44,0.44,0.44,0.44,0.44,0.44,0.44,0.44,0.44,0.44,0.44,0.44,0.44,0.44,0.44,0.44,0.44,0.44,0.44,0.44,0.44,0.44,0.44,0.44,0.44,0.44,0.45,0.45,0.45,0.45,0.45,0.45,0.45,0.45,0.45,0.45,0.45,0.45,0.45,0.45,0.45,0.45,0.45,0.45,0.45,0.45,0.46,0.46,0.46,0.46,0.46,0.46,0.46,0.46,0.46,0.47
553,0.0,0.08,0.17,0.31,0.42,0.48,0.52,0.54,0.59,0.6,0.63,0.65,0.66,0.67,0.68,0.69,0.69,0.69,0.7,0.7,0.7,0.7,0.7,0.7,0.7,0.7,0.7,0.7,0.7,0.7,0.71,0.71,0.71,0.72,0.72,0.72,0.72,0.72,0.72,0.73,0.73,0.73,0.73,0.73,0.73,0.73,0.73,0.74,0.74,0.74,0.74,0.74,0.74,0.74,0.75,0.75,0.75,0.75,0.75,0.75,0.75,0.75,0.76,0.76,0.76,0.76,0.76,0.76,0.76,0.77,0.78,0.79,0.8,0.8,0.8,0.8,0.8,0.8,0.81,0.81,0.81,0.81,0.81,0.81,0.81,0.81,0.81,0.81,0.81,0.81,0.81,0.81,0.81,0.81,0.81,0.82,0.82,0.82,0.82,0.82
554,0.0,0.05,0.09,0.1,0.12,0.15,0.18,0.2,0.21,0.22,0.23,0.23,0.23,0.23,0.23,0.24,0.26,0.27,0.27,0.28,0.28,0.28,0.3,0.3,0.3,0.3,0.3,0.3,0.3,0.3,0.3,0.3,0.3,0.3,0.31,0.31,0.31,0.31,0.31,0.31,0.31,0.31,0.31,0.31,0.31,0.31,0.31,0.31,0.31,0.31,0.31,0.31,0.31,0.31,0.32,0.32,0.32,0.32,0.32,0.33,0.33,0.33,0.33,0.33,0.33,0.33,0.33,0.33,0.33,0.33,0.33,0.33,0.33,0.33,0.33,0.33,0.33,0.33,0.33,0.33,0.33,0.33,0.33,0.33,0.34,0.34,0.34,0.34,0.34,0.34,0.34,0.34,0.35,0.35,0.35,0.35,0.35,0.36,0.36,0.36
555,0.0,0.03,0.15,0.26,0.35,0.39,0.4,0.42,0.45,0.45,0.49,0.51,0.53,0.55,0.59,0.6,0.62,0.63,0.65,0.65,0.67,0.67,0.68,0.69,0.69,0.71,0.71,0.71,0.71,0.71,0.71,0.72,0.72,0.72,0.72,0.72,0.72,0.72,0.72,0.72,0.73,0.73,0.73,0.73,0.73,0.73,0.73,0.73,0.73,0.73,0.73,0.73,0.73,0.73,0.73,0.73,0.73,0.73,0.73,0.74,0.74,0.74,0.74,0.74,0.74,0.74,0.74,0.74,0.74,0.74,0.74,0.74,0.74,0.74,0.74,0.74,0.74,0.74,0.74,0.74,0.74,0.74,0.74,0.74,0.74,0.74,0.74,0.74,0.74,0.74,0.74,0.74,0.75,0.75,0.75,0.75,0.75,0.75,0.75,0.75
556,0.0,0.01,0.1,0.19,0.26,0.28,0.3,0.32,0.33,0.34,0.37,0.41,0.45,0.45,0.46,0.48,0.5,0.52,0.53,0.55,0.56,0.56,0.56,0.57,0.58,0.59,0.59,0.6,0.6,0.6,0.63,0.63,0.63,0.64,0.65,0.66,0.66,0.66,0.66,0.67,0.67,0.68,0.7,0.71,0.71,0.72,0.72,0.73,0.74,0.74,0.74,0.74,0.74,0.75,0.75,0.75,0.75,0.76,0.77,0.77,0.78,0.78,0.78,0.78,0.78,0.78,0.78,0.78,0.78,0.78,0.78,0.78,0.78,0.78,0.78,0.78,0.78,0.78,0.78,0.78,0.78,0.78,0.78,0.78,0.78,0.78,0.78,0.78,0.78,0.78,0.78,0.78,0.78,0.78,0.78,0.78,0.78,0.78,0.78,0.78
557,0.0,0.05,0.3,0.36,0.4,0.46,0.51,0.53,0.56,0.59,0.59,0.61,0.61,0.63,0.66,0.68,0.7,0.71,0.71,0.72,0.72,0.74,0.75,0.77,0.77,0.78,0.78,0.78,0.79,0.79,0.8,0.8,0.8,0.8,0.8,0.8,0.8,0.8,0.8,0.8,0.8,0.8,0.8,0.8,0.8,0.8,0.8,0.8,0.8,0.8,0.8,0.8,0.8,0.8,0.8,0.8,0.8,0.8,0.8,0.8,0.8,0.8,0.8,0.8,0.8,0.8,0.8,0.81,0.82,0.82,0.82,0.82,0.82,0.82,0.82,0.83,0.83,0.83,0.83,0.83,0.83,0.83,0.83,0.83,0.84,0.84,0.84,0.84,0.84,0.84,0.84,0.84,0.84,0.84,0.84,0.84,0.84,0.84,0.84,0.84
558,0.0,0.04,0.07,0.08,0.14,0.15,0.16,0.16,0.16,0.18,0.19,0.2,0.21,0.22,0.22,0.22,0.24,0.24,0.24,0.24,0.24,0.24,0.24,0.26,0.27,0.27,0.28,0.28,0.29,0.31,0.32,0.32,0.32,0.32,0.32,0.32,0.33,0.33,0.33,0.33,0.33,0.33,0.33,0.33,0.33,0.33,0.33,0.33,0.33,0.33,0.33,0.33,0.34,0.34,0.34,0.35,0.35,0.35,0.36,0.36,0.36,0.36,0.36,0.36,0.36,0.36,0.36,0.36,0.36,0.37,0.37,0.37,0.37,0.37,0.37,0.37,0.37,0.37,0.37,0.37,0.37,0.37,0.37,0.37,0.37,0.37,0.37,0.37,0.37,0.37,0.37,0.37,0.37,0.37,0.37,0.37,0.37,0.37,0.37,0.37
559,0.0,0.04,0.11,0.17,0.21,0.23,0.24,0.25,0.26,0.26,0.28,0.28,0.28,0.28,0.3,0.3,0.3,0.3,0.3,0.31,0.31,0.31,0.32,0.32,0.33,0.33,0.34,0.34,0.35,0.35,0.35,0.36,0.36,0.36,0.36,0.36,0.36,0.37,0.37,0.37,0.37,0.37,0.37,0.37,0.37,0.37,0.37,0.37,0.38,0.38,0.38,0.39,0.39,0.39,0.39,0.39,0.39,0.39,0.4,0.41,0.42,0.43,0.43,0.43,0.43,0.43,0.43,0.43,0.43,0.43,0.43,0.43,0.43,0.43,0.43,0.43,0.43,0.43,0.43,0.43,0.43,0.43,0.43,0.43,0.43,0.44,0.44,0.44,0.44,0.44,0.44,0.44,0.44,0.44,0.44,0.44,0.44,0.44,0.44,0.44
560,0.0,0.07,0.2,0.25,0.25,0.26,0.27,0.28,0.28,0.28,0.28,0.28,0.28,0.28,0.28,0.29,0.29,0.3,0.31,0.31,0.32,0.33,0.33,0.33,0.33,0.33,0.33,0.33,0.33,0.33,0.34,0.34,0.34,0.34,0.34,0.34,0.34,0.34,0.35,0.36,0.36,0.36,0.36,0.38,0.38,0.38,0.39,0.4,0.4,0.4,0.4,0.4,0.4,0.4,0.4,0.4,0.4,0.4,0.4,0.4,0.4,0.4,0.4,0.4,0.4,0.4,0.4,0.4,0.4,0.41,0.41,0.41,0.41,0.41,0.41,0.41,0.41,0.41,0.41,0.41,0.41,0.41,0.41,0.41,0.41,0.41,0.41,0.41,0.41,0.41,0.41,0.41,0.41,0.41,0.42,0.42,0.42,0.42,0.42,0.42
561,0.0,0.06,0.11,0.13,0.2,0.23,0.25,0.26,0.26,0.26,0.27,0.28,0.28,0.29,0.29,0.29,0.29,0.29,0.31,0.32,0.34,0.34,0.34,0.34,0.34,0.34,0.35,0.36,0.36,0.36,0.37,0.39,0.39,0.39,0.39,0.39,0.4,0.4,0.4,0.4,0.4,0.4,0.4,0.4,0.4,0.4,0.4,0.41,0.41,0.41,0.41,0.41,0.41,0.41,0.42,0.42,0.42,0.43,0.43,0.44,0.44,0.44,0.44,0.44,0.44,0.44,0.44,0.44,0.44,0.44,0.44,0.45,0.45,0.45,0.45,0.45,0.45,0.45,0.45,0.45,0.45,0.45,0.45,0.45,0.45,0.45,0.45,0.45,0.45,0.45,0.45,0.45,0.45,0.45,0.45,0.45,0.45,0.45,0.46,0.46
562,0.0,0.12,0.21,0.32,0.44,0.53,0.61,0.66,0.71,0.76,0.77,0.79,0.8,0.81,0.83,0.83,0.83,0.83,0.84,0.84,0.84,0.85,0.88,0.88,0.89,0.9,0.9,0.9,0.9,0.91,0.91,0.91,0.91,0.91,0.91,0.91,0.92,0.93,0.93,0.93,0.93,0.94,0.94,0.94,0.95,0.95,0.95,0.95,0.95,0.95,0.95,0.95,0.96,0.96,0.96,0.96,0.96,0.96,0.96,0.96,0.96,0.96,0.96,0.96,0.96,0.96,0.96,0.96,0.96,0.96,0.96,0.96,0.96,0.96,0.96,0.96,0.96,0.96,0.96,0.96,0.96,0.96,0.96,0.96,0.96,0.96,0.96,0.96,0.96,0.96,0.96,0.96,0.96,0.96,0.96,0.96,0.96,0.96,0.96,0.96
563,0.0,0.05,0.23,0.27,0.29,0.3,0.31,0.32,0.32,0.32,0.32,0.33,0.33,0.33,0.33,0.33,0.33,0.33,0.34,0.34,0.34,0.36,0.37,0.37,0.37,0.37,0.37,0.37,0.37,0.37,0.37,0.37,0.37,0.37,0.38,0.38,0.38,0.38,0.38,0.38,0.38,0.38,0.38,0.38,0.38,0.38,0.38,0.38,0.38,0.38,0.39,0.41,0.41,0.41,0.41,0.41,0.41,0.41,0.41,0.41,0.41,0.41,0.41,0.41,0.41,0.41,0.41,0.41,0.41,0.41,0.41,0.41,0.41,0.41,0.41,0.41,0.41,0.41,0.41,0.41,0.41,0.42,0.42,0.42,0.42,0.42,0.42,0.42,0.42,0.42,0.42,0.42,0.42,0.42,0.42,0.42,0.42,0.42,0.42,0.42
564,0.0,0.03,0.08,0.13,0.16,0.18,0.21,0.23,0.24,0.25,0.25,0.25,0.25,0.26,0.27,0.27,0.27,0.27,0.27,0.28,0.28,0.29,0.3,0.3,0.3,0.3,0.3,0.3,0.3,0.31,0.33,0.33,0.33,0.33,0.33,0.33,0.34,0.34,0.35,0.36,0.36,0.37,0.38,0.38,0.38,0.39,0.39,0.4,0.4,0.4,0.4,0.4,0.41,0.41,0.41,0.41,0.41,0.41,0.41,0.41,0.41,0.41,0.42,0.42,0.42,0.42,0.42,0.42,0.42,0.42,0.42,0.42,0.42,0.42,0.42,0.42,0.42,0.42,0.42,0.42,0.42,0.42,0.42,0.42,0.42,0.42,0.42,0.42,0.42,0.42,0.42,0.42,0.42,0.42,0.42,0.42,0.42,0.42,0.42,0.42
565,0.0,0.07,0.2,0.31,0.36,0.39,0.39,0.42,0.46,0.5,0.52,0.55,0.55,0.56,0.56,0.6,0.61,0.64,0.66,0.66,0.68,0.69,0.7,0.7,0.71,0.71,0.72,0.72,0.72,0.73,0.74,0.75,0.75,0.75,0.75,0.75,0.75,0.75,0.75,0.75,0.75,0.75,0.75,0.75,0.75,0.75,0.75,0.75,0.75,0.75,0.75,0.75,0.75,0.75,0.75,0.76,0.77,0.78,0.79,0.79,0.8,0.8,0.81,0.81,0.81,0.81,0.81,0.81,0.81,0.81,0.81,0.82,0.83,0.83,0.83,0.83,0.83,0.84,0.84,0.84,0.84,0.84,0.84,0.84,0.84,0.84,0.84,0.84,0.84,0.84,0.84,0.84,0.84,0.85,0.85,0.85,0.85,0.85,0.85,0.85
566,0.0,0.02,0.23,0.33,0.38,0.38,0.39,0.39,0.4,0.4,0.4,0.42,0.44,0.46,0.46,0.46,0.48,0.48,0.49,0.5,0.51,0.53,0.53,0.55,0.6,0.6,0.6,0.6,0.61,0.61,0.61,0.61,0.61,0.61,0.62,0.62,0.62,0.62,0.62,0.62,0.62,0.62,0.62,0.62,0.62,0.62,0.62,0.62,0.62,0.62,0.63,0.63,0.63,0.63,0.63,0.63,0.63,0.63,0.63,0.63,0.64,0.64,0.65,0.65,0.65,0.65,0.65,0.66,0.66,0.66,0.67,0.67,0.67,0.67,0.67,0.67,0.67,0.67,0.67,0.67,0.67,0.67,0.67,0.67,0.67,0.67,0.67,0.67,0.67,0.67,0.67,0.67,0.68,0.68,0.68,0.68,0.68,0.68,0.68,0.68
567,0.0,0.1,0.19,0.32,0.34,0.35,0.35,0.36,0.38,0.38,0.39,0.4,0.4,0.41,0.41,0.41,0.41,0.41,0.42,0.42,0.42,0.42,0.42,0.42,0.43,0.43,0.44,0.44,0.44,0.44,0.44,0.44,0.45,0.45,0.45,0.47,0.47,0.47,0.47,0.47,0.48,0.49,0.49,0.49,0.49,0.49,0.5,0.5,0.5,0.5,0.5,0.51,0.51,0.52,0.52,0.52,0.52,0.52,0.52,0.52,0.52,0.52,0.52,0.52,0.52,0.52,0.52,0.53,0.53,0.53,0.53,0.54,0.55,0.55,0.55,0.55,0.55,0.55,0.56,0.56,0.56,0.56,0.56,0.56,0.56,0.56,0.56,0.56,0.56,0.57,0.57,0.57,0.57,0.57,0.57,0.57,0.58,0.59,0.59,0.6
568,0.0,0.03,0.09,0.22,0.27,0.3,0.32,0.35,0.36,0.37,0.37,0.39,0.39,0.39,0.39,0.39,0.39,0.39,0.39,0.39,0.39,0.39,0.39,0.4,0.4,0.4,0.4,0.4,0.4,0.4,0.4,0.4,0.4,0.4,0.4,0.4,0.41,0.41,0.41,0.41,0.41,0.41,0.41,0.41,0.41,0.41,0.41,0.41,0.41,0.41,0.41,0.42,0.42,0.42,0.42,0.42,0.42,0.42,0.42,0.42,0.42,0.42,0.42,0.42,0.42,0.42,0.42,0.42,0.42,0.42,0.42,0.42,0.42,0.42,0.43,0.43,0.43,0.43,0.43,0.43,0.43,0.43,0.43,0.43,0.43,0.43,0.44,0.44,0.44,0.44,0.45,0.45,0.45,0.45,0.45,0.45,0.45,0.45,0.45,0.45
569,0.0,0.04,0.17,0.35,0.46,0.54,0.55,0.58,0.59,0.62,0.63,0.64,0.64,0.65,0.66,0.66,0.66,0.67,0.67,0.69,0.7,0.72,0.74,0.75,0.75,0.75,0.75,0.75,0.76,0.76,0.76,0.76,0.77,0.78,0.79,0.79,0.79,0.79,0.79,0.79,0.79,0.79,0.79,0.79,0.79,0.79,0.79,0.79,0.79,0.79,0.79,0.8,0.8,0.8,0.8,0.8,0.8,0.8,0.8,0.8,0.81,0.81,0.81,0.81,0.81,0.81,0.82,0.82,0.83,0.84,0.84,0.84,0.84,0.84,0.84,0.85,0.85,0.85,0.85,0.85,0.85,0.85,0.85,0.85,0.85,0.85,0.85,0.85,0.85,0.85,0.85,0.85,0.85,0.85,0.85,0.85,0.85,0.85,0.85,0.85
570,0.0,0.12,0.22,0.27,0.3,0.33,0.37,0.38,0.38,0.39,0.41,0.41,0.41,0.41,0.41,0.41,0.42,0.43,0.43,0.43,0.43,0.43,0.44,0.45,0.45,0.46,0.46,0.46,0.46,0.46,0.46,0.47,0.47,0.47,0.48,0.49,0.49,0.49,0.49,0.49,0.49,0.49,0.5,0.51,0.53,0.53,0.54,0.55,0.55,0.56,0.57,0.58,0.58,0.58,0.59,0.59,0.59,0.61,0.61,0.61,0.62,0.62,0.62,0.62,0.62,0.62,0.62,0.62,0.62,0.62,0.62,0.62,0.62,0.62,0.62,0.62,0.62,0.62,0.62,0.62,0.62,0.62,0.62,0.62,0.62,0.62,0.62,0.62,0.62,0.62,0.62,0.62,0.62,0.62,0.62,0.62,0.62,0.62,0.62,0.62
571,0.0,0.07,0.23,0.29,0.31,0.32,0.37,0.42,0.45,0.46,0.46,0.46,0.47,0.49,0.5,0.5,0.5,0.5,0.5,0.51,0.51,0.51,0.53,0.55,0.57,0.57,0.58,0.58,0.58,0.58,0.58,0.58,0.59,0.6,0.6,0.6,0.6,0.6,0.6,0.6,0.6,0.62,0.62,0.62,0.63,0.64,0.64,0.64,0.64,0.64,0.64,0.64,0.64,0.64,0.64,0.64,0.64,0.65,0.65,0.65,0.65,0.65,0.65,0.65,0.65,0.65,0.65,0.65,0.66,0.66,0.66,0.66,0.66,0.66,0.66,0.66,0.66,0.66,0.66,0.66,0.66,0.66,0.66,0.66,0.66,0.66,0.66,0.66,0.66,0.66,0.66,0.66,0.66,0.66,0.66,0.66,0.66,0.66,0.67,0.67
572,0.0,0.09,0.21,0.3,0.37,0.41,0.45,0.47,0.48,0.48,0.48,0.49,0.51,0.52,0.53,0.54,0.54,0.55,0.57,0.58,0.58,0.6,0.62,0.63,0.63,0.63,0.63,0.63,0.63,0.63,0.63,0.63,0.63,0.63,0.64,0.64,0.64,0.64,0.64,0.64,0.64,0.64,0.64,0.64,0.64,0.64,0.64,0.64,0.64,0.64,0.64,0.64,0.64,0.64,0.64,0.65,0.65,0.65,0.65,0.65,0.65,0.65,0.65,0.66,0.66,0.66,0.66,0.66,0.66,0.66,0.66,0.66,0.67,0.67,0.67,0.67,0.67,0.67,0.67,0.67,0.67,0.67,0.67,0.67,0.67,0.67,0.67,0.67,0.67,0.67,0.67,0.67,0.67,0.67,0.67,0.67,0.67,0.67,0.67,0.67
573,0.0,0.04,0.2,0.33,0.36,0.39,0.44,0.48,0.5,0.51,0.51,0.53,0.54,0.55,0.57,0.59,0.59,0.59,0.59,0.6,0.6,0.6,0.63,0.64,0.64,0.64,0.64,0.64,0.65,0.65,0.66,0.66,0.67,0.67,0.67,0.68,0.69,0.7,0.7,0.7,0.7,0.7,0.7,0.71,0.71,0.71,0.72,0.72,0.72,0.72,0.72,0.72,0.72,0.72,0.72,0.72,0.72,0.73,0.73,0.73,0.73,0.74,0.74,0.74,0.74,0.74,0.74,0.74,0.74,0.74,0.74,0.74,0.74,0.74,0.74,0.74,0.74,0.74,0.74,0.74,0.74,0.74,0.74,0.74,0.75,0.75,0.75,0.75,0.75,0.75,0.75,0.75,0.75,0.75,0.75,0.75,0.75,0.75,0.75,0.75
574,0.0,0.07,0.2,0.27,0.3,0.3,0.33,0.35,0.37,0.37,0.37,0.37,0.38,0.38,0.4,0.4,0.4,0.4,0.41,0.41,0.41,0.41,0.41,0.42,0.42,0.42,0.42,0.43,0.43,0.43,0.43,0.45,0.45,0.46,0.46,0.46,0.46,0.46,0.46,0.46,0.47,0.47,0.47,0.47,0.47,0.47,0.48,0.49,0.49,0.5,0.5,0.5,0.5,0.5,0.5,0.5,0.5,0.5,0.5,0.5,0.5,0.5,0.51,0.51,0.51,0.51,0.51,0.51,0.51,0.51,0.51,0.51,0.51,0.51,0.51,0.51,0.51,0.51,0.51,0.51,0.51,0.51,0.51,0.51,0.51,0.51,0.52,0.52,0.52,0.52,0.52,0.52,0.52,0.52,0.52,0.52,0.52,0.52,0.52,0.52
575,0.0,0.05,0.21,0.28,0.29,0.37,0.38,0.4,0.41,0.41,0.42,0.43,0.44,0.44,0.45,0.45,0.46,0.46,0.48,0.48,0.48,0.48,0.49,0.49,0.49,0.49,0.5,0.51,0.51,0.53,0.53,0.55,0.56,0.57,0.58,0.58,0.58,0.59,0.59,0.59,0.59,0.59,0.59,0.59,0.59,0.6,0.6,0.6,0.6,0.6,0.6,0.6,0.61,0.61,0.61,0.61,0.61,0.61,0.61,0.61,0.62,0.62,0.63,0.63,0.63,0.63,0.64,0.65,0.65,0.65,0.65,0.65,0.65,0.65,0.65,0.65,0.65,0.65,0.65,0.65,0.65,0.65,0.65,0.65,0.65,0.65,0.66,0.66,0.66,0.66,0.66,0.66,0.66,0.66,0.66,0.66,0.66,0.66,0.66,0.66
576,0.0,0.04,0.12,0.21,0.24,0.26,0.27,0.27,0.28,0.28,0.28,0.28,0.28,0.28,0.28,0.29,0.29,0.29,0.29,0.3,0.3,0.31,0.31,0.31,0.32,0.33,0.34,0.34,0.35,0.35,0.35,0.35,0.35,0.35,0.35,0.35,0.35,0.35,0.35,0.35,0.35,0.35,0.35,0.35,0.35,0.35,0.35,0.35,0.35,0.35,0.35,0.35,0.35,0.35,0.35,0.35,0.35,0.35,0.35,0.35,0.36,0.36,0.36,0.36,0.36,0.36,0.36,0.36,0.36,0.36,0.36,0.36,0.36,0.36,0.36,0.36,0.36,0.36,0.36,0.36,0.36,0.36,0.36,0.36,0.36,0.36,0.36,0.36,0.36,0.36,0.36,0.36,0.36,0.36,0.36,0.36,0.36,0.36,0.36,0.36
577,0.0,0.04,0.18,0.29,0.32,0.38,0.38,0.38,0.4,0.41,0.42,0.42,0.44,0.45,0.45,0.45,0.45,0.45,0.45,0.46,0.47,0.47,0.47,0.47,0.47,0.47,0.48,0.48,0.48,0.48,0.48,0.48,0.48,0.48,0.49,0.49,0.49,0.49,0.49,0.49,0.49,0.49,0.49,0.49,0.49,0.49,0.49,0.49,0.49,0.5,0.5,0.5,0.5,0.5,0.5,0.5,0.5,0.5,0.5,0.5,0.5,0.5,0.5,0.5,0.5,0.5,0.5,0.5,0.5,0.51,0.51,0.51,0.51,0.51,0.51,0.51,0.51,0.51,0.51,0.51,0.51,0.51,0.51,0.51,0.51,0.51,0.51,0.51,0.51,0.51,0.51,0.51,0.51,0.51,0.51,0.51,0.51,0.51,0.51,0.51
578,0.0,0.06,0.28,0.43,0.47,0.52,0.56,0.6,0.63,0.66,0.67,0.68,0.68,0.68,0.68,0.68,0.68,0.69,0.7,0.7,0.7,0.71,0.71,0.72,0.72,0.73,0.76,0.77,0.77,0.77,0.79,0.79,0.79,0.79,0.8,0.8,0.8,0.8,0.8,0.8,0.8,0.8,0.8,0.8,0.8,0.8,0.8,0.8,0.8,0.8,0.8,0.8,0.8,0.8,0.8,0.8,0.8,0.8,0.8,0.8,0.8,0.8,0.8,0.81,0.81,0.82,0.82,0.84,0.84,0.84,0.84,0.84,0.84,0.84,0.84,0.85,0.85,0.85,0.85,0.85,0.85,0.85,0.85,0.85,0.85,0.85,0.85,0.85,0.85,0.85,0.85,0.85,0.85,0.85,0.85,0.86,0.86,0.86,0.86,0.86
579,0.0,0.07,0.3,0.39,0.44,0.48,0.51,0.51,0.51,0.53,0.53,0.54,0.54,0.54,0.55,0.55,0.55,0.55,0.55,0.55,0.55,0.55,0.55,0.56,0.56,0.57,0.57,0.59,0.59,0.59,0.59,0.59,0.59,0.59,0.59,0.59,0.59,0.6,0.6,0.6,0.6,0.6,0.6,0.61,0.61,0.62,0.62,0.62,0.62,0.62,0.62,0.62,0.62,0.62,0.62,0.62,0.62,0.62,0.62,0.62,0.62,0.63,0.63,0.63,0.63,0.63,0.63,0.63,0.63,0.63,0.63,0.63,0.63,0.63,0.63,0.63,0.63,0.63,0.63,0.63,0.63,0.63,0.63,0.63,0.63,0.63,0.63,0.63,0.63,0.63,0.63,0.63,0.63,0.63,0.63,0.63,0.63,0.63,0.63,0.63
580,0.0,0.09,0.29,0.38,0.46,0.48,0.52,0.55,0.56,0.58,0.58,0.58,0.58,0.59,0.6,0.62,0.65,0.65,0.65,0.66,0.67,0.67,0.68,0.68,0.68,0.68,0.7,0.7,0.7,0.71,0.71,0.71,0.72,0.72,0.74,0.75,0.75,0.75,0.75,0.75,0.76,0.77,0.77,0.77,0.77,0.77,0.77,0.77,0.78,0.78,0.78,0.79,0.79,0.79,0.8,0.8,0.8,0.81,0.81,0.81,0.81,0.81,0.81,0.81,0.81,0.81,0.81,0.81,0.82,0.83,0.83,0.83,0.83,0.84,0.84,0.84,0.84,0.84,0.84,0.84,0.85,0.85,0.85,0.85,0.85,0.85,0.85,0.85,0.85,0.85,0.85,0.85,0.85,0.85,0.85,0.85,0.85,0.85,0.85,0.85
581,0.0,0.03,0.12,0.17,0.22,0.22,0.23,0.23,0.23,0.24,0.25,0.25,0.25,0.25,0.26,0.27,0.29,0.3,0.31,0.33,0.34,0.34,0.34,0.34,0.34,0.34,0.34,0.34,0.34,0.34,0.34,0.34,0.35,0.35,0.35,0.35,0.35,0.35,0.35,0.35,0.36,0.37,0.37,0.37,0.37,0.37,0.37,0.37,0.37,0.37,0.38,0.38,0.38,0.38,0.38,0.38,0.38,0.38,0.38,0.38,0.38,0.38,0.38,0.38,0.38,0.38,0.38,0.39,0.39,0.39,0.39,0.39,0.39,0.4,0.4,0.4,0.4,0.4,0.4,0.4,0.4,0.4,0.4,0.4,0.4,0.41,0.41,0.41,0.41,0.41,0.41,0.41,0.41,0.41,0.41,0.41,0.41,0.41,0.41,0.41
582,0.0,0.06,0.15,0.29,0.35,0.35,0.37,0.39,0.39,0.4,0.41,0.43,0.43,0.43,0.43,0.43,0.43,0.46,0.46,0.47,0.47,0.47,0.47,0.47,0.47,0.47,0.47,0.47,0.47,0.47,0.47,0.47,0.47,0.47,0.47,0.47,0.47,0.47,0.47,0.47,0.47,0.47,0.48,0.48,0.49,0.49,0.49,0.5,0.51,0.51,0.52,0.52,0.52,0.52,0.52,0.52,0.52,0.52,0.52,0.52,0.52,0.52,0.52,0.52,0.52,0.52,0.52,0.52,0.53,0.53,0.54,0.54,0.54,0.54,0.54,0.54,0.54,0.54,0.54,0.54,0.54,0.54,0.54,0.54,0.55,0.55,0.55,0.55,0.55,0.55,0.55,0.55,0.55,0.55,0.55,0.55,0.55,0.55,0.55,0.55
583,0.0,0.05,0.19,0.34,0.4,0.46,0.51,0.53,0.58,0.61,0.64,0.66,0.69,0.71,0.72,0.73,0.74,0.74,0.77,0.78,0.78,0.8,0.81,0.81,0.81,0.82,0.82,0.82,0.82,0.83,0.83,0.83,0.83,0.84,0.84,0.85,0.85,0.85,0.85,0.85,0.85,0.85,0.85,0.85,0.85,0.85,0.85,0.85,0.85,0.85,0.85,0.85,0.85,0.85,0.85,0.85,0.85,0.86,0.86,0.86,0.86,0.86,0.86,0.86,0.86,0.86,0.86,0.86,0.86,0.86,0.86,0.86,0.86,0.86,0.86,0.86,0.86,0.86,0.86,0.86,0.86,0.86,0.86,0.86,0.86,0.86,0.87,0.87,0.87,0.87,0.87,0.87,0.87,0.87,0.87,0.87,0.87,0.87,0.87,0.87
584,0.0,0.08,0.31,0.43,0.45,0.53,0.57,0.58,0.59,0.59,0.62,0.62,0.63,0.63,0.64,0.64,0.67,0.69,0.7,0.72,0.72,0.73,0.73,0.75,0.75,0.75,0.75,0.75,0.75,0.75,0.75,0.75,0.75,0.75,0.75,0.76,0.77,0.77,0.77,0.77,0.77,0.77,0.77,0.77,0.77,0.77,0.77,0.77,0.77,0.77,0.77,0.77,0.77,0.78,0.78,0.78,0.78,0.78,0.78,0.78,0.78,0.78,0.78,0.78,0.78,0.78,0.78,0.78,0.78,0.78,0.78,0.78,0.78,0.78,0.78,0.78,0.78,0.78,0.78,0.78,0.78,0.78,0.78,0.78,0.78,0.78,0.78,0.78,0.78,0.78,0.78,0.78,0.78,0.78,0.78,0.78,0.78,0.78,0.78,0.78
585,0.0,0.01,0.09,0.21,0.22,0.24,0.29,0.3,0.32,0.33,0.35,0.35,0.36,0.36,0.36,0.37,0.39,0.4,0.4,0.41,0.43,0.43,0.44,0.44,0.44,0.44,0.45,0.45,0.45,0.45,0.45,0.45,0.45,0.45,0.45,0.45,0.45,0.45,0.45,0.45,0.45,0.47,0.47,0.47,0.47,0.47,0.47,0.47,0.47,0.47,0.47,0.48,0.48,0.48,0.48,0.48,0.48,0.48,0.48,0.49,0.49,0.49,0.49,0.49,0.49,0.49,0.49,0.49,0.49,0.49,0.49,0.49,0.49,0.49,0.49,0.49,0.49,0.49,0.49,0.49,0.49,0.49,0.49,0.49,0.49,0.49,0.49,0.5,0.5,0.5,0.5,0.5,0.5,0.5,0.5,0.5,0.5,0.5,0.5,0.5
586,0.0,0.02,0.29,0.45,0.49,0.52,0.54,0.54,0.55,0.55,0.57,0.58,0.6,0.61,0.61,0.61,0.62,0.62,0.63,0.63,0.63,0.64,0.64,0.64,0.65,0.65,0.65,0.65,0.65,0.65,0.66,0.66,0.66,0.66,0.66,0.66,0.66,0.66,0.66,0.66,0.66,0.67,0.68,0.69,0.69,0.69,0.69,0.69,0.69,0.69,0.69,0.69,0.7,0.7,0.7,0.7,0.7,0.7,0.7,0.7,0.7,0.7,0.7,0.7,0.7,0.7,0.7,0.7,0.7,0.7,0.7,0.7,0.7,0.7,0.7,0.71,0.71,0.71,0.71,0.71,0.71,0.71,0.71,0.71,0.71,0.71,0.72,0.72,0.72,0.72,0.72,0.72,0.72,0.72,0.72,0.72,0.72,0.72,0.72,0.72
587,0.0,0.03,0.08,0.18,0.19,0.2,0.22,0.24,0.25,0.25,0.25,0.27,0.27,0.28,0.28,0.28,0.28,0.29,0.29,0.29,0.29,0.29,0.29,0.29,0.29,0.29,0.29,0.29,0.29,0.29,0.3,0.3,0.31,0.31,0.31,0.31,0.31,0.31,0.31,0.32,0.32,0.33,0.33,0.34,0.35,0.35,0.35,0.35,0.35,0.35,0.35,0.35,0.35,0.35,0.35,0.35,0.35,0.36,0.36,0.36,0.36,0.36,0.36,0.36,0.37,0.37,0.37,0.37,0.37,0.37,0.37,0.37,0.37,0.37,0.37,0.37,0.37,0.37,0.37,0.37,0.37,0.37,0.37,0.37,0.37,0.37,0.37,0.37,0.37,0.37,0.37,0.37,0.38,0.38,0.38,0.38,0.38,0.38,0.38,0.38
588,0.0,0.04,0.17,0.23,0.28,0.32,0.35,0.37,0.39,0.39,0.39,0.41,0.42,0.42,0.43,0.43,0.44,0.44,0.45,0.45,0.45,0.45,0.45,0.45,0.46,0.46,0.46,0.47,0.47,0.47,0.47,0.47,0.47,0.47,0.47,0.47,0.47,0.48,0.48,0.48,0.49,0.49,0.5,0.5,0.5,0.5,0.5,0.5,0.5,0.5,0.51,0.51,0.51,0.51,0.51,0.51,0.51,0.51,0.51,0.51,0.51,0.51,0.51,0.51,0.51,0.52,0.54,0.54,0.54,0.55,0.55,0.55,0.56,0.57,0.57,0.57,0.57,0.58,0.59,0.59,0.59,0.59,0.59,0.59,0.59,0.59,0.59,0.59,0.59,0.59,0.59,0.59,0.59,0.59,0.6,0.6,0.6,0.6,0.6,0.6
589,0.0,0.06,0.15,0.26,0.38,0.46,0.53,0.58,0.59,0.61,0.61,0.63,0.66,0.67,0.68,0.69,0.69,0.69,0.7,0.75,0.77,0.77,0.77,0.77,0.77,0.77,0.77,0.77,0.77,0.77,0.77,0.77,0.77,0.77,0.77,0.78,0.78,0.78,0.79,0.79,0.79,0.79,0.79,0.79,0.79,0.79,0.79,0.8,0.8,0.8,0.8,0.8,0.8,0.8,0.81,0.81,0.81,0.81,0.81,0.81,0.81,0.81,0.81,0.81,0.81,0.81,0.81,0.81,0.81,0.81,0.81,0.82,0.82,0.82,0.82,0.82,0.82,0.82,0.82,0.82,0.83,0.83,0.83,0.83,0.83,0.83,0.83,0.83,0.83,0.83,0.83,0.83,0.83,0.83,0.83,0.83,0.83,0.83,0.83,0.83
590,0.0,0.01,0.03,0.11,0.16,0.2,0.21,0.24,0.28,0.3,0.31,0.32,0.33,0.35,0.35,0.35,0.36,0.36,0.37,0.38,0.38,0.39,0.39,0.39,0.39,0.4,0.44,0.45,0.46,0.47,0.47,0.47,0.47,0.47,0.47,0.47,0.5,0.51,0.51,0.51,0.51,0.52,0.52,0.52,0.52,0.52,0.52,0.53,0.53,0.53,0.53,0.53,0.53,0.53,0.53,0.53,0.53,0.53,0.53,0.53,0.53,0.53,0.53,0.53,0.53,0.54,0.54,0.54,0.54,0.55,0.55,0.55,0.55,0.55,0.55,0.55,0.55,0.55,0.55,0.55,0.55,0.55,0.55,0.55,0.55,0.55,0.55,0.55,0.55,0.55,0.55,0.55,0.56,0.56,0.57,0.58,0.58,0.58,0.58,0.58
591,0.0,0.05,0.16,0.26,0.3,0.34,0.39,0.43,0.47,0.51,0.53,0.55,0.56,0.56,0.56,0.56,0.57,0.58,0.58,0.58,0.58,0.58,0.59,0.59,0.6,0.6,0.6,0.61,0.61,0.62,0.62,0.64,0.65,0.65,0.65,0.65,0.65,0.65,0.65,0.66,0.67,0.67,0.67,0.67,0.68,0.68,0.68,0.69,0.7,0.7,0.7,0.71,0.71,0.71,0.71,0.71,0.72,0.72,0.72,0.73,0.73,0.73,0.73,0.73,0.73,0.73,0.73,0.74,0.74,0.74,0.75,0.76,0.77,0.77,0.77,0.77,0.77,0.77,0.77,0.77,0.77,0.77,0.77,0.77,0.77,0.77,0.77,0.77,0.77,0.77,0.77,0.78,0.78,0.78,0.78,0.78,0.78,0.78,0.78,0.78
592,0.0,0.05,0.19,0.32,0.35,0.36,0.38,0.4,0.41,0.43,0.44,0.44,0.45,0.47,0.48,0.49,0.5,0.51,0.52,0.52,0.52,0.53,0.53,0.53,0.54,0.55,0.55,0.56,0.56,0.57,0.58,0.58,0.58,0.58,0.58,0.58,0.58,0.58,0.58,0.58,0.58,0.59,0.59,0.59,0.59,0.6,0.61,0.61,0.61,0.61,0.61,0.61,0.61,0.61,0.61,0.62,0.62,0.62,0.63,0.63,0.64,0.64,0.64,0.64,0.65,0.65,0.65,0.65,0.65,0.65,0.65,0.65,0.65,0.65,0.65,0.65,0.65,0.65,0.65,0.65,0.65,0.65,0.65,0.65,0.65,0.65,0.65,0.65,0.65,0.65,0.65,0.65,0.65,0.66,0.66,0.67,0.67,0.67,0.67,0.67
593,0.0,0.02,0.08,0.14,0.2,0.24,0.32,0.34,0.35,0.38,0.4,0.4,0.4,0.4,0.41,0.42,0.43,0.43,0.44,0.44,0.45,0.46,0.46,0.46,0.47,0.48,0.48,0.48,0.5,0.51,0.51,0.51,0.51,0.52,0.53,0.53,0.53,0.53,0.53,0.54,0.54,0.54,0.54,0.54,0.54,0.54,0.54,0.54,0.54,0.55,0.55,0.55,0.55,0.55,0.55,0.55,0.56,0.56,0.56,0.56,0.56,0.56,0.56,0.56,0.56,0.56,0.56,0.56,0.56,0.56,0.56,0.56,0.56,0.56,0.56,0.56,0.56,0.56,0.56,0.58,0.59,0.59,0.59,0.59,0.6,0.6,0.6,0.6,0.6,0.6,0.6,0.6,0.6,0.6,0.6,0.61,0.61,0.61,0.61,0.61
594,0.0,0.02,0.16,0.32,0.39,0.46,0.5,0.53,0.53,0.56,0.6,0.61,0.63,0.65,0.66,0.66,0.66,0.67,0.67,0.67,0.67,0.67,0.68,0.68,0.68,0.68,0.68,0.68,0.68,0.69,0.69,0.69,0.7,0.71,0.72,0.72,0.72,0.72,0.72,0.75,0.75,0.75,0.75,0.76,0.76,0.76,0.76,0.76,0.76,0.77,0.77,0.78,0.78,0.78,0.78,0.78,0.78,0.79,0.8,0.8,0.8,0.8,0.8,0.8,0.8,0.8,0.8,0.8,0.81,0.81,0.81,0.81,0.81,0.81,0.81,0.82,0.82,0.82,0.82,0.82,0.82,0.82,0.82,0.82,0.82,0.82,0.82,0.82,0.82,0.82,0.82,0.82,0.82,0.83,0.83,0.83,0.83,0.83,0.83,0.83
595,0.0,0.04,0.15,0.23,0.31,0.32,0.33,0.33,0.34,0.34,0.34,0.36,0.36,0.37,0.37,0.38,0.4,0.4,0.4,0.4,0.4,0.4,0.4,0.4,0.4,0.4,0.4,0.4,0.4,0.4,0.4,0.4,0.4,0.4,0.4,0.41,0.41,0.41,0.41,0.42,0.42,0.42,0.42,0.42,0.42,0.43,0.43,0.44,0.44,0.44,0.44,0.44,0.44,0.45,0.45,0.45,0.45,0.45,0.45,0.45,0.45,0.45,0.45,0.45,0.45,0.45,0.45,0.45,0.45,0.45,0.45,0.45,0.45,0.45,0.45,0.45,0.45,0.45,0.46,0.46,0.46,0.46,0.46,0.46,0.47,0.47,0.47,0.47,0.47,0.47,0.47,0.47,0.47,0.47,0.47,0.47,0.47,0.47,0.47,0.48
596,0.0,0.0,0.11,0.18,0.22,0.24,0.29,0.3,0.34,0.4,0.42,0.44,0.46,0.47,0.49,0.5,0.51,0.51,0.52,0.54,0.54,0.54,0.55,0.57,0.57,0.57,0.58,0.59,0.6,0.61,0.61,0.63,0.63,0.64,0.65,0.65,0.66,0.66,0.66,0.68,0.68,0.68,0.69,0.69,0.69,0.69,0.71,0.71,0.71,0.71,0.71,0.71,0.71,0.71,0.71,0.71,0.71,0.71,0.71,0.71,0.71,0.71,0.71,0.72,0.72,0.73,0.73,0.74,0.74,0.74,0.75,0.75,0.75,0.75,0.75,0.75,0.75,0.75,0.75,0.75,0.75,0.75,0.75,0.75,0.75,0.75,0.75,0.75,0.75,0.75,0.75,0.75,0.75,0.75,0.75,0.75,0.75,0.75,0.75,0.75
597,0.0,0.06,0.17,0.22,0.27,0.28,0.28,0.33,0.34,0.35,0.35,0.37,0.37,0.37,0.37,0.37,0.38,0.4,0.4,0.41,0.41,0.41,0.41,0.41,0.43,0.43,0.43,0.43,0.43,0.43,0.43,0.43,0.43,0.43,0.43,0.43,0.43,0.43,0.43,0.43,0.43,0.43,0.43,0.43,0.43,0.43,0.43,0.43,0.43,0.43,0.43,0.43,0.43,0.43,0.43,0.43,0.44,0.44,0.44,0.44,0.44,0.44,0.44,0.44,0.45,0.46,0.46,0.46,0.46,0.46,0.46,0.46,0.46,0.46,0.46,0.46,0.46,0.46,0.46,0.46,0.46,0.46,0.46,0.46,0.46,0.46,0.46,0.46,0.46,0.46,0.46,0.46,0.46,0.46,0.46,0.46,0.46,0.46,0.47,0.47
598,0.0,0.03,0.12,0.23,0.32,0.38,0.42,0.46,0.5,0.54,0.58,0.6,0.63,0.64,0.66,0.66,0.68,0.69,0.69,0.69,0.69,0.7,0.7,0.7,0.7,0.7,0.71,0.71,0.71,0.72,0.72,0.72,0.72,0.72,0.72,0.72,0.72,0.72,0.72,0.72,0.72,0.73,0.74,0.74,0.75,0.75,0.75,0.75,0.75,0.75,0.75,0.75,0.75,0.75,0.76,0.76,0.76,0.76,0.76,0.76,0.76,0.77,0.77,0.77,0.77,0.77,0.77,0.77,0.77,0.77,0.77,0.77,0.77,0.77,0.77,0.77,0.77,0.77,0.78,0.78,0.78,0.78,0.78,0.78,0.78,0.78,0.78,0.78,0.78,0.78,0.78,0.78,0.78,0.78,0.78,0.78,0.78,0.78,0.78,0.78
599,0.0,0.04,0.11,0.16,0.18,0.2,0.21,0.22,0.23,0.24,0.26,0.26,0.27,0.27,0.27,0.27,0.28,0.28,0.28,0.29,0.29,0.29,0.3,0.31,0.31,0.31,0.31,0.31,0.31,0.31,0.32,0.33,0.33,0.33,0.34,0.34,0.34,0.35,0.35,0.35,0.35,0.35,0.35,0.35,0.35,0.35,0.35,0.35,0.35,0.35,0.35,0.35,0.36,0.37,0.37,0.37,0.38,0.38,0.38,0.38,0.38,0.38,0.38,0.38,0.38,0.39,0.39,0.39,0.39,0.39,0.39,0.39,0.4,0.4,0.4,0.4,0.4,0.4,0.41,0.41,0.41,0.42,0.42,0.42,0.43,0.43,0.43,0.44,0.44,0.44,0.44,0.44,0.44,0.44,0.44,0.44,0.44,0.44,0.44,0.44
